    名称,所属行业,代码
移为通信,通信设备,300590
怡达股份,化学制品,300721
华绿生物,种植业与林业,300970
安诺其,化学制品,300067
旗天科技,文化传媒,300061
佳华科技,IT服务,688051
线上线下,通信服务,300959
铜牛信息,通信服务,300895
贝达药业,化学制药,300558
杭州园林,建筑装饰,300649
盛科通信-U,半导体,688702
美新科技,塑料制品,301588
西部牧业,饮料制造,300106
东望时代,电力,600052
节能风电,电力,601016
综艺股份,综合,600770
齐心集团,家居用品,002301
通达电气,汽车零部件,603390
九阳股份,小家电,002242
中源家居,家居用品,603709
福鞍股份,环境治理,603315
德龙汇能,燃气,000593
中衡设计,建筑装饰,603017
山东墨龙,专用设备,002490
华电能源,煤炭开采加工,600726
杭电股份,电网设备,603618
华源控股,包装印刷,002787
泰慕士,服装家纺,001234
千味央厨,食品加工制造,001215
莲花控股,食品加工制造,600186
绿发电力,电力,000537
迎驾贡酒,白酒,603198
应流股份,通用设备,603308
亿道信息,消费电子,001314
汇绿生态,通信设备,001267
大族激光,自动化设备,002008
和远气体,化学制品,002971
众合科技,轨交设备,000925
美诺华,化学制药,603538
广西能源,电力,600310
中贝通信,通信服务,603220
兆驰股份,黑色家电,002429
联泓新科,光伏设备,003022
水发燃气,燃气,603318
昊华能源,煤炭开采加工,601101
苏州高新,房地产,600736
中兴商业,零售,000715
中原内配,汽车零部件,002448
佳力图,通用设备,603912
中新集团,房地产,601512
大连电瓷,电网设备,002606
法尔胜,环保设备,000890
浙文互联,文化传媒,600986
罗欣药业,化学制药,002793
华电辽能,电力,600396
国检集团,其他社会服务,603060
晶科科技,电力,601778
金 螳 螂,建筑装饰,002081
建新股份,化学制品,300107
博云新材,军工装备,002297
海星股份,电子化学品,603115
天银机电,白色家电,300342
粤电力Ａ,电力,000539
小商品城,零售,600415
南网能源,电力,003035
新天绿能,电力,600956
苏大维格,光学光电子,300331
唯特偶,电子化学品,301319
浙江恒威,电池,301222
博瑞医药,化学制药,688166
恒铭达,消费电子,002947
金银河,电池,300619
熵基科技,计算机设备,301330
利通电子,消费电子,603629
华如科技,军工电子,301302
大宏立,专用设备,300865
神开股份,专用设备,002278
军信股份,环境治理,301109
凌玮科技,化学制品,301373
斯莱克,专用设备,300382
中国动力,其他电源设备,600482
中复神鹰,化学纤维,688295
八亿时空,光学光电子,688181
翔丰华,电池,300890
国际复材,建筑材料,301526
赛意信息,IT服务,300687
贵阳银行,银行,601997
湖南发展,电力,000722
拓斯达,自动化设备,300607
雪榕生物,种植业与林业,300511
华特气体,电子化学品,688268
长虹华意,白色家电,000404
莱克电气,小家电,603355
杰瑞股份,专用设备,002353
博杰股份,自动化设备,002975
江苏新能,电力,603693
信测标准,其他社会服务,300938
福田汽车,汽车整车,600166
品高股份,IT服务,688227
永鼎股份,通信设备,600105
华谊兄弟,影视院线,300027
锌业股份,工业金属,000751
龙蟠科技,电池,603906
金利华电,电网设备,300069
金洲管道,钢铁,002443
圣邦股份,半导体,300661
广合科技,元件,001389
光迅科技,通信设备,002281
飞利信,IT服务,300287
节能环境,环境治理,300140
浙江新能,电力,600032
杰恩股份,其他社会服务,300668
潜能恒信,油气开采及服务,300191
老白干酒,白酒,600559
键邦股份,化学制品,603285
金鸿顺,汽车零部件,603922
浙数文化,游戏,600633
节能国祯,环境治理,300388
金开新能,电力,600821
视源股份,消费电子,002841
润本股份,美容护理,603193
万孚生物,医疗器械,300482
中国船舶,军工装备,600150
敷尔佳,美容护理,301371
绿色动力,环境治理,601330
泰坦股份,专用设备,003036
美能能源,燃气,001299
恒宇信通,军工装备,300965
中国科传,文化传媒,601858
航亚科技,军工装备,688510
亨通光电,通信设备,600487
上能电气,光伏设备,300827
嘉戎技术,环境治理,301148
爱尔眼科,医疗服务,300015
优利德,通用设备,688628
南网储能,电力,600995
莱尔科技,电子化学品,688683
赛伍技术,光伏设备,603212
中元股份,电网设备,300018
晶升股份,半导体,688478
诺唯赞,生物制品,688105
新风光,电网设备,688663
富佳股份,小家电,603219
益丰药房,医药商业,603939
中船防务,军工装备,600685
龙芯中科,半导体,688047
城发环境,环境治理,000885
吴通控股,通信服务,300292
潍柴动力,汽车零部件,000338
华策影视,影视院线,300133
劲仔食品,食品加工制造,003000
华电新能,电力,600930
广汇能源,油气开采及服务,600256
高铁电气,轨交设备,688285
银星能源,电力,000862
天音控股,零售,000829
中闽能源,电力,600163
立达信,光学光电子,605365
韶能股份,电力,000601
国民技术,半导体,300077
ST晨鸣,造纸,000488
瑞丰新材,化学制品,300910
通宝能源,电力,600780
*ST沪科,贸易,600608
金宏气体,电子化学品,688106
山煤国际,煤炭开采加工,600546
*ST中迪,房地产,000609
*ST原尚,物流,603813
青木科技,互联网电商,301110
ST景谷,种植业与林业,600265
朗博科技,汽车零部件,603655
*ST熊猫,家居用品,600599
宏辉果蔬,种植业与林业,603336
深粮控股,农产品加工,000019
金富科技,包装印刷,003018
*ST春天,食品加工制造,600381
ST华铭,计算机设备,300462
宝光股份,电网设备,600379
信维通信,消费电子,300136
新集能源,煤炭开采加工,601918
中煤能源,煤炭开采加工,601898
风语筑,文化传媒,603466
蓝焰控股,油气开采及服务,000968
黑牡丹,房地产,600510
四方新材,建筑材料,605122
四会富仕,元件,300852
九洲集团,电力,300040
万向钱潮,汽车零部件,000559
尚品宅配,家居用品,300616
*ST岩石,白酒,600696
赛摩智能,通用设备,300466
凤凰股份,房地产,600716
海正生材,塑料制品,688203
集智股份,通用设备,300553
海创药业-U,化学制药,688302
千里科技,汽车整车,601777
古井贡酒,白酒,000596
华银电力,电力,600744
高新发展,建筑装饰,000628
联诚精密,汽车零部件,002921
蜀道装备,专用设备,300540
聚杰微纤,纺织制造,300819
ST易购,互联网电商,002024
乐惠国际,专用设备,603076
三环集团,元件,300408
善水科技,化学原料,301190
金麒麟,汽车零部件,603586
中国卫星,军工装备,600118
万邦达,石油加工贸易,300055
精工钢构,建筑装饰,600496
*ST天喻,通信设备,300205
威高骨科,医疗器械,688161
老百姓,医药商业,603883
国瑞科技,军工装备,300600
迦南智能,电网设备,300880
丽江股份,旅游及酒店,002033
ST惠伦,元件,300460
浩云科技,IT服务,300448
红豆股份,服装家纺,600400
移远通信,通信设备,603236
潞安环能,煤炭开采加工,601699
紫光股份,IT服务,000938
北摩高科,军工装备,002985
和顺科技,塑料制品,301237
中曼石油,油气开采及服务,603619
武汉凡谷,通信设备,002194
大地海洋,环境治理,301068
中简科技,军工装备,300777
红蜻蜓,服装家纺,603116
华人健康,医药商业,301408
斯达半导,半导体,603290
泰晶科技,元件,603738
海泰新光,医疗器械,688677
尔康制药,化学制药,300267
麦加芯彩,化学制品,603062
海油工程,油气开采及服务,600583
德力佳,风电设备,603092
兰花科创,煤炭开采加工,600123
旭光电子,其他电子,600353
协鑫能科,电力,002015
皖通科技,IT服务,002331
佐力药业,中药,300181
辽宁能源,煤炭开采加工,600758
青农商行,银行,002958
美湖股份,汽车零部件,603319
山西汾酒,白酒,600809
飞亚达,服装家纺,000026
双杰电气,电网设备,300444
动力新科,汽车零部件,600841
中国巨石,建筑材料,600176
闽东电力,电力,000993
天岳先进,半导体,688234
洪汇新材,化学制品,002802
国睿科技,军工电子,600562
恒源煤电,煤炭开采加工,600971
沪硅产业,半导体,688126
诚志股份,化学原料,000990
长源电力,电力,000966
王力安防,家居用品,605268
三安光电,光学光电子,600703
东方电气,其他电源设备,600875
兖矿能源,煤炭开采加工,600188
航发动力,军工装备,600893
天永智能,专用设备,603895
五洲特纸,造纸,605007
百川畅银,环境治理,300614
纳百川,汽车零部件,301667
交建股份,建筑装饰,603815
隆达股份,军工装备,688231
中国长城,计算机设备,000066
浙江世宝,汽车零部件,002703
禾盛新材,白色家电,002290
罗莱生活,服装家纺,002293
宇新股份,石油加工贸易,002986
深圳瑞捷,建筑装饰,300977
设研院,建筑装饰,300732
皇马科技,化学制品,603181
科顺股份,建筑材料,300737
蓝盾光电,环保设备,300862
太阳电缆,电网设备,002300
衢州发展,房地产,600208
可川科技,消费电子,603052
元利科技,化学制品,603217
宁波能源,电力,600982
安杰思,医疗器械,688581
泛微网络,软件开发,603039
宝莱特,医疗器械,300246
甘肃能源,电力,000791
吉宏股份,互联网电商,002803
西安银行,银行,600928
普源精电,通用设备,688337
苏州龙杰,化学纤维,603332
卫星化学,化学制品,002648
太阳能,电力,000591
九联科技,黑色家电,688609
百龙创园,化学制品,605016
中油工程,油气开采及服务,600339
赤天化,农化制品,600227
万辰集团,零售,300972
苏垦农发,种植业与林业,601952
兰剑智能,通用设备,688557
南网科技,电力,688248
洪都航空,军工装备,600316
日海智能,通信设备,002313
深水海纳,环境治理,300961
ST臻镭,半导体,688270
建研院,其他社会服务,603183
达刚控股,专用设备,300103
沪电股份,元件,002463
新疆天业,化学原料,600075
成都银行,银行,601838
鼎通科技,通信设备,688668
中国石油,石油加工贸易,601857
阿科力,化学制品,603722
松炀资源,造纸,603863
长沙银行,银行,601577
*ST铖昌,军工电子,001270
亚星锚链,军工装备,601890
梅雁吉祥,电力,600868
新宝股份,小家电,002705
博纳影业,影视院线,001330
*ST亿通,通用设备,300211
昀冢科技,消费电子,688260
通策医疗,医疗服务,600763
英特集团,医药商业,000411
中科海讯,军工装备,300810
通达股份,电网设备,002560
比依股份,小家电,603215
远大控股,贸易,000626
厦门银行,银行,601187
上海机电,专用设备,600835
万泽股份,生物制品,000534
ST京蓝,环境治理,000711
上海能源,煤炭开采加工,600508
鲁西化工,化学原料,000830
仁度生物,医疗器械,688193
马钢股份,钢铁,600808
华邦健康,化学制药,002004
莱斯信息,软件开发,688631
华资实业,农产品加工,600191
*ST宇顺,通信服务,002289
安克创新,消费电子,300866
杰华特,半导体,688141
同庆楼,旅游及酒店,605108
科拓生物,化学制品,300858
德石股份,专用设备,301158
华康股份,化学制品,605077
帝奥微,半导体,688381
大业股份,通用设备,603278
酒鬼酒,白酒,000799
宁波高发,汽车零部件,603788
星辉娱乐,游戏,300043
泰山石油,石油加工贸易,000554
明月镜片,家居用品,301101
百邦科技,其他电子,300736
安联锐视,计算机设备,301042
洲际油气,油气开采及服务,600759
国脉文化,文化传媒,600640
家联科技,家居用品,301193
圆通速递,物流,600233
三联锻造,汽车零部件,001282
金种子酒,白酒,600199
青岛银行,银行,002948
皇台酒业,白酒,000995
道生天合,塑料制品,601026
招商港口,港口航运,001872
东星医疗,医疗器械,301290
三全食品,食品加工制造,002216
塔牌集团,建筑材料,002233
大有能源,煤炭开采加工,600403
宏景科技,IT服务,301396
江天化学,化学原料,300927
冰川网络,游戏,300533
大名城,房地产,600094
芯朋微,半导体,688508
探路者,服装家纺,300005
津药药业,化学制药,600488
联盛化学,化学制品,301212
芯能科技,电力,603105
山东高速,公路铁路运输,600350
国新健康,软件开发,000503
高盟新材,化学制品,300200
雄韬股份,电池,002733
威领股份,能源金属,002667
中材科技,建筑材料,002080
豫能控股,电力,001896
九华旅游,旅游及酒店,603199
电光科技,专用设备,002730
深南电A,电力,000037
美瑞新材,化学制品,300848
正川股份,医疗器械,603976
电投绿能,电力,000875
英科再生,塑料制品,688087
ST岭南,环境治理,002717
海信视像,黑色家电,600060
云南能投,电力,002053
中国海油,油气开采及服务,600938
三元股份,饮料制造,600429
润泽科技,通信服务,300442
鼎龙股份,电子化学品,300054
固高科技,自动化设备,301510
浙江东日,零售,600113
蔚蓝锂芯,电池,002245
陕西煤业,煤炭开采加工,601225
宁波建工,建筑装饰,601789
贝肯能源,油气开采及服务,002828
王府井,零售,600859
德业股份,光伏设备,605117
金徽酒,白酒,603919
京能热力,电力,002893
广安爱众,电力,600979
江苏索普,化学原料,600746
普瑞眼科,医疗服务,301239
德赛西威,汽车零部件,002920
白云电器,电网设备,603861
南京银行,银行,601009
云煤能源,煤炭开采加工,600792
爱美客,美容护理,300896
中国神华,煤炭开采加工,601088
市北高新,房地产,600604
今世缘,白酒,603369
平煤股份,煤炭开采加工,601666
思瑞浦,半导体,688536
爱博医疗,医疗器械,688050
*ST兰黄,饮料制造,000929
华峰测控,半导体,688200
天海防务,军工装备,300008
淮北矿业,煤炭开采加工,600985
口子窖,白酒,603589
道恩股份,塑料制品,002838
广东建工,建筑装饰,002060
新产业,医疗器械,300832
皖通高速,公路铁路运输,600012
金煤科技,化学原料,600844
会稽山,饮料制造,601579
三特索道,旅游及酒店,002159
深圳能源,电力,000027
宁夏建材,建筑材料,600449
浙江东方,多元金融,600120
深圳燃气,燃气,601139
洪城环境,环境治理,600461
华立股份,建筑材料,603038
国能日新,软件开发,301162
中环海陆,风电设备,301040
通源石油,油气开采及服务,300164
纬德信息,软件开发,688171
奕东电子,消费电子,301123
天铁科技,橡胶制品,300587
开滦股份,煤炭开采加工,600997
惠而浦,白色家电,600983
众兴菌业,种植业与林业,002772
广州发展,电力,600098
无锡银行,银行,600908
水井坊,白酒,600779
国光股份,农化制品,002749
豪美新材,工业金属,002988
常宝股份,钢铁,002478
安井食品,食品加工制造,603345
中威电子,计算机设备,300270
钢研高纳,军工装备,300034
锦浪科技,光伏设备,300763
华凯易佰,互联网电商,300592
紫金银行,银行,601860
世茂能源,电力,605028
江苏神通,通用设备,002438
赛力斯,汽车整车,601127
宝丰能源,化学原料,600989
ST宏达,化学制品,002211
纳芯微,半导体,688052
ST美晨,汽车零部件,300237
柳化股份,化学原料,600423
云南锗业,小金属,002428
金丹科技,化学制品,300829
长川科技,半导体,300604
中油资本,多元金融,000617
旋极信息,计算机设备,300324
ST迪威迅,IT服务,300167
中船汉光,计算机设备,300847
智洋创新,IT服务,688191
京泉华,其他电子,002885
国际实业,光伏设备,000159
乐心医疗,医疗器械,300562
穗恒运Ａ,电力,000531
安彩高科,光伏设备,600207
晋控煤业,煤炭开采加工,601001
金证股份,IT服务,600446
华润微,半导体,688396
福建金森,种植业与林业,002679
瑞丰高材,塑料制品,300243
瑞丰银行,银行,601528
*ST天山,养殖业,300313
中海油服,油气开采及服务,601808
富临精工,汽车零部件,300432
齐鲁银行,银行,601665
维远股份,化学原料,600955
大众公用,燃气,600635
宝新能源,电力,000690
圣泉集团,塑料制品,605589
火星人,厨卫电器,300894
海利尔,农化制品,603639
宜安科技,小金属,300328
杭氧股份,化学制品,002430
陕西黑猫,煤炭开采加工,601015
漱玉平民,医药商业,301017
三角防务,军工装备,300775
冀中能源,煤炭开采加工,000937
恒烁股份,半导体,688416
星湖科技,化学制品,600866
广生堂,化学制药,300436
华厦眼科,医疗服务,301267
瑞迈特,医疗器械,301367
东宏股份,建筑材料,603856
有友食品,食品加工制造,603697
林洋能源,电网设备,601222
青松股份,美容护理,300132
四川成渝,公路铁路运输,601107
三友化工,化学原料,600409
江苏博云,塑料制品,301003
汽轮科技,其他电源设备,300277
万通发展,房地产,600246
凌钢股份,钢铁,600231
广信股份,农化制品,603599
宇通重工,环保设备,600817
万润新能,电池,688275
骏成科技,光学光电子,301106
富瀚微,半导体,300613
润邦股份,专用设备,002483
行动教育,教育,605098
新光光电,军工电子,688011
华电国际,电力,600027
石化油服,油气开采及服务,600871
卫宁健康,软件开发,300253
恒通股份,石油加工贸易,603223
航天机电,汽车零部件,600151
泰豪科技,军工电子,600590
优刻得-W,IT服务,688158
贝泰妮,美容护理,300957
永辉超市,零售,601933
富邦科技,农化制品,300387
康缘药业,中药,600557
中通客车,汽车整车,000957
洪通燃气,燃气,605169
海默科技,专用设备,300084
天味食品,食品加工制造,603317
恒林股份,家居用品,603661
湖南裕能,电池,301358
嘉友国际,物流,603871
恒瑞医药,化学制药,600276
坤恒顺维,通信设备,688283
南大光电,电子化学品,300346
华鲁恒升,农化制品,600426
*ST椰岛,饮料制造,600238
山西焦化,煤炭开采加工,600740
百大集团,零售,600865
路畅科技,汽车零部件,002813
国晟科技,光伏设备,603778
电声股份,文化传媒,300805
江苏国信,电力,002608
亚厦股份,建筑装饰,002375
大商股份,零售,600694
中化国际,化学制品,600500
苏美达,贸易,600710
青岛港,港口航运,601298
广聚能源,石油加工贸易,000096
杭钢股份,钢铁,600126
飞南资源,环境治理,301500
南网数字,IT服务,301638
城地香江,通信服务,603887
舍得酒业,白酒,600702
北京科锐,电网设备,002350
特锐德,电网设备,300001
电投产融,电力,000958
钱江生化,环境治理,600796
威士顿,软件开发,301315
诚意药业,化学制药,603811
海光信息,半导体,688041
名臣健康,游戏,002919
兴蓉环境,环境治理,000598
泸州老窖,白酒,000568
常山北明,IT服务,000158
丸美生物,美容护理,603983
立新能源,电力,001258
富春环保,电力,002479
熊猫乳品,饮料制造,300898
新 和 成,化学制药,002001
美锦能源,煤炭开采加工,000723
东湖高新,环境治理,600133
福斯特,光伏设备,603806
华夏幸福,房地产,600340
雷赛智能,自动化设备,002979
佳发教育,软件开发,300559
国药股份,医药商业,600511
华西证券,证券,002926
陕天然气,燃气,002267
工业富联,消费电子,601138
银河微电,半导体,688689
石化机械,专用设备,000852
矩阵股份,建筑装饰,301365
百亚股份,美容护理,003006
宝立食品,食品加工制造,603170
国新能源,燃气,600617
景旺电子,元件,603228
迎丰股份,纺织制造,605055
浦东金桥,房地产,600639
创元科技,环保设备,000551
新经典,文化传媒,603096
伟明环保,环境治理,603568
威孚高科,汽车零部件,000581
重庆银行,银行,601963
广电网络,文化传媒,600831
三峡能源,电力,600905
康尼机电,轨交设备,603111
盐津铺子,食品加工制造,002847
瑞晨环保,通用设备,301273
倍加洁,美容护理,603059
吉鑫科技,风电设备,601218
汉缆股份,电网设备,002498
中国核电,电力,601985
南极电商,互联网电商,002127
神马电力,电网设备,603530
大唐发电,电力,601991
新乳业,饮料制造,002946
群兴玩具,综合,002575
中国出版,文化传媒,601949
豪鹏科技,电池,001283
康普顿,石油加工贸易,603798
龙源电力,电力,001289
崧盛股份,光学光电子,301002
明星电力,电力,600101
惠泉啤酒,饮料制造,600573
众捷汽车,汽车零部件,301560
伯特利,汽车零部件,603596
学大教育,教育,000526
新黄浦,房地产,600638
山西焦煤,煤炭开采加工,000983
凯伦股份,建筑材料,300715
安妮股份,造纸,002235
东鹏饮料,饮料制造,605499
佛燃能源,燃气,002911
永太科技,化学制品,002326
上海环境,环境治理,601200
盛视科技,计算机设备,002990
ST瑞和,建筑装饰,002620
伊力特,白酒,600197
帝尔激光,光伏设备,300776
上海艾录,包装印刷,301062
宝钢包装,包装印刷,601968
轻纺城,零售,600790
上海银行,银行,601229
海南橡胶,种植业与林业,601118
德邦科技,电子化学品,688035
中光防雷,通信设备,300414
山东海化,化学原料,000822
广康生化,农化制品,300804
兴通股份,港口航运,603209
申通快递,物流,002468
古麒绒材,纺织制造,001390
昂立教育,教育,600661
中泰化学,化学原料,002092
科思股份,美容护理,300856
富森美,零售,002818
XD云中马,纺织制造,603130
马可波罗,家居用品,001386
中国卫通,军工装备,601698
伟星股份,纺织制造,002003
苏能股份,煤炭开采加工,600925
博迈科,油气开采及服务,603727
西陇科学,电子化学品,002584
中重科技,专用设备,603135
张家港行,银行,002839
涛涛车业,汽车服务及其他,301345
永杉锂业,能源金属,603399
金石亚药,化学制药,300434
苏 泊 尔,小家电,002032
天洋新材,塑料制品,603330
健帆生物,医疗器械,300529
潞化科技,农化制品,600691
水晶光电,光学光电子,002273
长龄液压,工程机械,605389
兴发集团,农化制品,600141
唐山港,港口航运,601000
洋河股份,白酒,002304
大位科技,IT服务,600589
天富能源,电力,600509
华远控股,零售,600743
百奥赛图,医疗服务,688796
华图山鼎,教育,300492
苏农银行,银行,603323
德展健康,化学制药,000813
国统股份,建筑材料,002205
泰达股份,综合,000652
卓越新能,化学制品,688196
中国电建,建筑装饰,601669
振华重工,专用设备,600320
永泰能源,电力,600157
石头科技,小家电,688169
华测检测,其他社会服务,300012
惠博普,油气开采及服务,002554
朗坤科技,环境治理,301305
中际旭创,通信设备,300308
山西高速,公路铁路运输,000755
华塑股份,化学原料,600935
嘉华股份,农产品加工,603182
重庆百货,零售,600729
中南文化,通用设备,002445
新开源,化学制品,300109
爱丽家居,家居用品,603221
华新建材,建筑材料,600801
恒为科技,计算机设备,603496
京投发展,房地产,600683
浙版传媒,文化传媒,601921
零点有数,其他社会服务,301169
东鹏控股,家居用品,003012
东宝生物,生物制品,300239
三峰环境,环境治理,601827
均胜电子,汽车零部件,600699
华夏银行,银行,600015
海容冷链,通用设备,603187
乐山电力,电力,600644
史丹利,农化制品,002588
江河集团,建筑装饰,601886
上实发展,房地产,600748
泰和科技,化学制品,300801
中国海防,军工装备,600764
浩欧博,医疗器械,688656
顺鑫农业,白酒,000860
思源电气,电网设备,002028
燕京啤酒,饮料制造,000729
爱乐达,军工装备,300696
韵达股份,物流,002120
盛剑科技,环保设备,603324
济川药业,中药,600566
粤 传 媒,文化传媒,002181
尚太科技,电池,001301
迪威尔,专用设备,688377
*ST中岩,建筑装饰,002542
大参林,医药商业,603233
万凯新材,塑料制品,301216
黄河旋风,通用设备,600172
云从科技-UW,IT服务,688327
茶花股份,家居用品,603615
维力医疗,医疗器械,603309
安博通,软件开发,688168
江阴银行,银行,002807
ST长方,光学光电子,300301
鲁银投资,化学原料,600784
科士达,其他电源设备,002518
联美控股,电力,600167
成都燃气,燃气,603053
瑞尔特,家居用品,002790
利民股份,农化制品,002734
中国铁物,物流,000927
ST沈化,石油加工贸易,000698
莱茵生物,化学制品,002166
国发股份,医疗器械,600538
共达电声,消费电子,002655
国电电力,电力,600795
新天然气,油气开采及服务,603393
地素时尚,服装家纺,603587
中船特气,电子化学品,688146
永兴股份,环境治理,601033
佰仁医疗,医疗器械,688198
飞科电器,小家电,603868
日照港,港口航运,600017
ST绝味,食品加工制造,603517
武汉控股,环境治理,600168
安迪苏,化学制品,600299
梦网科技,通信服务,002123
科净源,环境治理,301372
正泰电源,光伏设备,002150
阿拉丁,化学制品,688179
万年青,建筑材料,000789
仙乐健康,食品加工制造,300791
中晟高科,环境治理,002778
常友科技,风电设备,301557
安德利,饮料制造,605198
中锐股份,包装印刷,002374
中创物流,物流,603967
五芳斋,食品加工制造,603237
富安娜,服装家纺,002327
*ST海源,专用设备,002529
晋控电力,电力,000767
以岭药业,中药,002603
英集芯,半导体,688209
新安股份,农化制品,600596
东方电子,电网设备,000682
航锦科技,化学原料,000818
中原环保,环境治理,000544
ST未名,生物制品,002581
一心堂,医药商业,002727
华锦股份,石油加工贸易,000059
贵州燃气,燃气,600903
科达制造,家居用品,600499
锦江酒店,旅游及酒店,600754
奥联电子,汽车零部件,300585
首华燃气,油气开采及服务,300483
苏州天脉,消费电子,301626
广联达,软件开发,002410
药明康德,医疗服务,603259
桐昆股份,化学纤维,601233
海油发展,油气开采及服务,600968
深深房Ａ,房地产,000029
庄园牧场,饮料制造,002910
华智数媒,影视院线,300426
海融科技,饮料制造,300915
冠农股份,农产品加工,600251
鲁信创投,多元金融,600783
隆华新材,化学制品,301149
奔图科技,计算机设备,002180
广州港,港口航运,601228
中颖电子,半导体,300327
北京银行,银行,601169
青达环保,环保设备,688501
弘宇股份,专用设备,002890
金山办公,软件开发,688111
奥克股份,化学原料,300082
奥普科技,厨卫电器,603551
迈瑞医疗,医疗器械,300760
华致酒行,零售,300755
山高环能,环境治理,000803
中科创达,IT服务,300496
圣阳股份,电池,002580
兴业股份,塑料制品,603928
曲美家居,家居用品,603818
天佑德酒,白酒,002646
龙头股份,服装家纺,600630
长虹美菱,白色家电,000521
盛泰集团,服装家纺,605138
天地科技,专用设备,600582
深高速,公路铁路运输,600548
贵州轮胎,汽车零部件,000589
恒星科技,通用设备,002132
海尔生物,医疗器械,688139
苏文电能,建筑装饰,300982
中国广核,电力,003816
首旅酒店,旅游及酒店,600258
慧谷新材,化学制品,301683
松发股份,军工装备,603268
汇纳科技,IT服务,300609
一汽解放,汽车整车,000800
招商公路,公路铁路运输,001965
长青集团,电力,002616
皖能电力,电力,000543
航宇科技,军工装备,688239
绿城水务,环境治理,601368
华熙生物,美容护理,688363
万集科技,计算机设备,300552
安徽建工,建筑装饰,600502
安记食品,食品加工制造,603696
沧州大化,化学制品,600230
峰岹科技,半导体,688279
新疆火炬,燃气,603080
润建股份,通信服务,002929
赣能股份,电力,000899
铁龙物流,公路铁路运输,600125
湖北能源,电力,000883
ST雪发,物流,002485
甘咨询,建筑装饰,000779
*ST汇科,软件开发,300561
宝利国际,石油加工贸易,300135
恒顺醋业,食品加工制造,600305
金牛化工,化学原料,600722
长江传媒,文化传媒,600757
工商银行,银行,601398
永顺泰,农产品加工,001338
力量钻石,非金属材料,301071
三孚股份,化学原料,603938
豪森智能,专用设备,688529
华光新材,通用设备,688379
亿嘉和,自动化设备,603666
三角轮胎,汽车零部件,601163
数字认证,软件开发,300579
森特股份,建筑装饰,603098
滨化股份,化学原料,601678
中山公用,环境治理,000685
国泰环保,环境治理,301203
*ST金泰,化学制品,300225
昊海生科,医疗器械,688366
广钢气体,电子化学品,688548
兴化股份,化学原料,002109
陕鼓动力,专用设备,601369
龙源技术,环保设备,300105
甘肃能化,煤炭开采加工,000552
重庆燃气,燃气,600917
大秦铁路,公路铁路运输,601006
鑫磊股份,通用设备,301317
三峡水利,电力,600116
交运股份,综合,600676
渤海轮渡,港口航运,603167
百川能源,燃气,600681
九州通,医药商业,600998
航发科技,军工装备,600391
奥瑞金,包装印刷,002701
北京人力,其他社会服务,600861
青松建化,建筑材料,600425
皖天然气,燃气,603689
凡拓数创,文化传媒,301313
弘信电子,元件,300657
金健米业,农产品加工,600127
郑州煤电,煤炭开采加工,600121
建科院,建筑装饰,300675
承德露露,饮料制造,000848
江苏银行,银行,600919
仁东控股,多元金融,002647
*ST集友,包装印刷,603429
海博思创,其他电源设备,688411
银轮股份,汽车零部件,002126
一拖股份,专用设备,601038
粤高速Ａ,公路铁路运输,000429
平治信息,通信服务,300571
吉林高速,公路铁路运输,601518
电广传媒,文化传媒,000917
顾地科技,建筑材料,002694
华润材料,塑料制品,301090
荣晟环保,造纸,603165
必得科技,轨交设备,605298
音飞储存,物流,603066
浙商中拓,物流,000906
浙能电力,电力,600023
美的集团,白色家电,000333
特变电工,综合,600089
亚通股份,房地产,600692
苏州银行,银行,002966
全 聚 德,旅游及酒店,002186
汇嘉时代,零售,603101
马应龙,中药,600993
鼎汉技术,轨交设备,300011
嘉曼服饰,服装家纺,301276
贵州茅台,白酒,600519
雅戈尔,服装家纺,600177
ST得润,消费电子,002055
创力集团,专用设备,603012
艾芬达,家居用品,301575
天津港,港口航运,600717
外高桥,房地产,600648
襄阳轴承,汽车零部件,000678
重药控股,医药商业,000950
格林达,电子化学品,603931
四方科技,通用设备,603339
新锦动力,通用设备,300157
杰美特,消费电子,300868
海新能科,化学制品,300072
西子洁能,其他电源设备,002534
金隅冀东,建筑材料,000401
申能股份,电力,600642
天瑞仪器,通用设备,300165
恒申新材,化学纤维,000782
三祥新材,非金属材料,603663
建投能源,电力,000600
迪普科技,软件开发,300768
安琪酵母,食品加工制造,600298
电投水电,电力,600292
鲁北化工,化学制品,600727
景嘉微,军工电子,300474
晶华新材,化学制品,603683
中粮科技,农产品加工,000930
宇通客车,汽车整车,600066
星华新材,化学制品,301077
宁波韵升,金属新材料,600366
新奥股份,燃气,600803
国投丰乐,种植业与林业,000713
园林股份,建筑装饰,605303
锋尚文化,其他社会服务,300860
通源环境,环境治理,688679
中信尼雅,饮料制造,600084
东华能源,石油加工贸易,002221
华孚时尚,纺织制造,002042
浙江永强,家居用品,002489
西山科技,医疗器械,688576
通达动力,电机,002576
中国化学,建筑装饰,601117
盈峰环境,环保设备,000967
宁德时代,电池,300750
桂发祥,食品加工制造,002820
妙可蓝多,饮料制造,600882
邮储银行,银行,601658
东来技术,化学制品,688129
德尔股份,汽车零部件,300473
珠海港,港口航运,000507
航材股份,军工装备,688563
九丰能源,燃气,605090
同济科技,建筑装饰,600846
元创股份,橡胶制品,001325
奥海科技,消费电子,002993
秦港股份,港口航运,601326
陕西旅游,旅游及酒店,603402
汤臣倍健,食品加工制造,300146
欧普康视,医疗器械,300595
华达新材,金属新材料,605158
中文在线,文化传媒,300364
志邦家居,家居用品,603801
时代电气,轨交设备,688187
中农立华,农化制品,603970
昇兴股份,包装印刷,002752
郑州银行,银行,002936
力合科创,美容护理,002243
若羽臣,互联网电商,003010
艾罗能源,光伏设备,688717
京能电力,电力,600578
众生药业,中药,002317
浦东建设,建筑装饰,600284
云路股份,金属新材料,688190
五 粮 液,白酒,000858
中科通达,软件开发,688038
长源东谷,汽车零部件,603950
重庆啤酒,饮料制造,600132
恒兴新材,化学原料,603276
华是科技,IT服务,301218
爱施德,零售,002416
宝信软件,IT服务,600845
松原安全,汽车零部件,300893
天有为,汽车零部件,603202
利尔化学,农化制品,002258
珠江啤酒,饮料制造,002461
荃银高科,种植业与林业,300087
中国电信,通信服务,601728
彤程新材,橡胶制品,603650
北投科技,IT服务,600936
儒意电影,影视院线,002739
设计总院,建筑装饰,603357
豪悦护理,美容护理,605009
现代投资,公路铁路运输,000900
仲景食品,食品加工制造,300908
保龄宝,农产品加工,002286
仙坛股份,养殖业,002746
创业环保,环境治理,600874
廊坊发展,电力,600149
英可瑞,其他电源设备,300713
华昌化工,化学原料,002274
澄星股份,农化制品,600078
瑞晟智能,自动化设备,688215
中宠股份,农产品加工,002891
宝钢股份,钢铁,600019
南微医学,医疗器械,688029
海顺新材,包装印刷,300501
通用股份,汽车零部件,601500
启迪设计,建筑装饰,300500
文投控股,影视院线,600715
小熊电器,小家电,002959
热威股份,白色家电,603075
厦门港务,港口航运,000905
法狮龙,建筑材料,605318
赛特新材,化学制品,688398
北部湾港,港口航运,000582
金陵体育,家居用品,300651
悍高集团,家居用品,001221
海宁皮城,零售,002344
广州酒家,食品加工制造,603043
博源化工,化学原料,000683
联合精密,白色家电,001268
开山股份,通用设备,300257
惠天热电,电力,000692
兰州银行,银行,001227
古越龙山,饮料制造,600059
青云科技-U,IT服务,688316
欧圣电气,小家电,301187
德方纳米,电池,300769
苏常柴Ａ,通用设备,000570
普洛药业,化学制药,000739
上汽集团,汽车整车,600104
杭叉集团,工程机械,603298
湖南海利,农化制品,600731
风神股份,汽车零部件,600469
步长制药,中药,603858
理工能科,软件开发,002322
胜利股份,燃气,000407
惠通科技,专用设备,301601
张  裕Ａ,饮料制造,000869
兴源环境,环境治理,300266
大众交通,公路铁路运输,600611
连云港,港口航运,601008
山科智能,通用设备,300897
浙江医药,化学制药,600216
华能水电,电力,600025
常熟银行,银行,601128
华谊集团,化学原料,600623
上港集团,港口航运,600018
涪陵榨菜,食品加工制造,002507
九芝堂,中药,000989
泸天化,农化制品,000912
帝科股份,光伏设备,300842
光华科技,电子化学品,002741
诺 普 信,种植业与林业,002215
华大智造,医疗器械,688114
德迈仕,汽车零部件,301007
中国西电,电网设备,601179
ST浩丰,IT服务,300419
春兰股份,白色家电,600854
君正集团,化学原料,601216
苏豪弘业,贸易,600128
中华企业,房地产,600675
福成股份,养殖业,600965
北大荒,种植业与林业,600598
君逸数码,IT服务,301172
青岛双星,汽车零部件,000599
中国通号,轨交设备,688009
菲达环保,环保设备,600526
徐家汇,零售,002561
百联股份,零售,600827
西昌电力,电力,600505
国投中鲁,饮料制造,600962
江山股份,农化制品,600389
汇通集团,建筑装饰,603176
泉阳泉,饮料制造,600189
七一二,军工电子,603712
朗特智能,消费电子,300916
新华文轩,文化传媒,601811
ST应急,军工装备,300527
全志科技,半导体,300458
三态股份,互联网电商,301558
片仔癀,中药,600436
西部材料,小金属,002149
百川股份,化学制品,002455
*ST华闻,文化传媒,000793
确成股份,橡胶制品,605183
华融化学,化学原料,301256
江南水务,环境治理,601199
天士力,中药,600535
瑞联新材,电子化学品,688550
心脉医疗,医疗器械,688016
西安奕材-U,半导体,688783
荣泰健康,小家电,603579
陕西能源,电力,001286
捷成股份,影视院线,300182
盘江股份,煤炭开采加工,600395
东方新能,电力,002310
*ST沐邦,光伏设备,603398
哈空调,通用设备,600202
本钢板材,钢铁,000761
浙商银行,银行,601916
中国能建,建筑装饰,601868
长江电力,电力,600900
甘源食品,食品加工制造,002991
天宸股份,综合,600620
富瑞特装,通用设备,300228
中洲控股,房地产,000042
中航西飞,军工装备,000768
慕思股份,家居用品,001323
首创环保,环境治理,600008
中旗股份,农化制品,300575
中集车辆,汽车整车,301039
辉隆股份,种植业与林业,002556
有方科技,通信设备,688159
丽岛新材,工业金属,603937
天沃科技,专用设备,002564
中英科技,元件,300936
华旺科技,造纸,605377
德宏股份,汽车零部件,603701
顺发恒能,电力,000631
天安新材,家居用品,603725
思林杰,通用设备,688115
双汇发展,食品加工制造,000895
吉比特,游戏,603444
龙江交通,公路铁路运输,601188
万憬能源,燃气,002700
天原股份,化学原料,002386
梅花生物,化学制品,600873
江苏北人,自动化设备,688218
苏交科,建筑装饰,300284
四川路桥,建筑装饰,600039
上海建科,建筑装饰,603153
振石股份,建筑材料,601112
东莞控股,公路铁路运输,000828
扬农化工,农化制品,600486
博汇纸业,造纸,600966
百润股份,饮料制造,002568
陕建股份,建筑装饰,600248
方盛制药,中药,603998
交通银行,银行,601328
华能国际,电力,600011
澳柯玛,白色家电,600336
新农开发,种植业与林业,600359
鹏辉能源,电池,300438
家家悦,零售,603708
丰倍生物,化学制品,603334
光明乳业,饮料制造,600597
技源集团,食品加工制造,603262
渝农商行,银行,601077
獐子岛,养殖业,002069
农 产 品,零售,000061
华数传媒,文化传媒,000156
银信科技,IT服务,300231
勘设股份,建筑装饰,603458
陕西金叶,包装印刷,000812
联影医疗,医疗器械,688271
硕世生物,医疗器械,688399
天康生物,农产品加工,002100
同仁堂,中药,600085
匠心家居,家居用品,301061
金城医药,化学制药,300233
涪陵电力,电力,600452
宁沪高速,公路铁路运输,600377
中炬高新,食品加工制造,600872
航发控制,军工装备,000738
浙江龙盛,化学制品,600352
重庆水务,环境治理,601158
地铁设计,建筑装饰,003013
仙琚制药,化学制药,002332
锦泓集团,服装家纺,603518
*ST声迅,计算机设备,003004
明新旭腾,汽车零部件,605068
大全能源,光伏设备,688303
海天股份,环境治理,603759
千禾味业,食品加工制造,603027
青岛啤酒,饮料制造,600600
永福股份,建筑装饰,300712
凯龙股份,化学制品,002783
中金公司,证券,601995
金枫酒业,饮料制造,600616
悦康药业,化学制药,688658
桃李面包,食品加工制造,603866
凯文教育,教育,002659
岭南控股,旅游及酒店,000524
杭州热电,电力,605011
千金药业,中药,600479
长春燃气,燃气,600333
泰和新材,化学纤维,002254
中国石化,石油加工贸易,600028
平安银行,银行,000001
李子园,饮料制造,605337
西麦食品,食品加工制造,002956
天润工业,汽车零部件,002283
天壕能源,燃气,300332
招商银行,银行,600036
山东路桥,建筑装饰,000498
长城科技,电网设备,603897
东山精密,元件,002384
菜百股份,服装家纺,605599
南京公用,综合,000421
安凯微,半导体,688620
花王股份,汽车零部件,603007
惠达卫浴,家居用品,603385
锦江在线,公路铁路运输,600650
宁波银行,银行,002142
海程邦达,物流,603836
金字火腿,食品加工制造,002515
容百科技,电池,688005
ST泉为,光伏设备,300716
公牛集团,家居用品,603195
三江购物,零售,601116
上海贝岭,半导体,600171
ST景峰,化学制药,000908
三峡旅游,旅游及酒店,002627
江苏金租,多元金融,600901
戎美股份,服装家纺,301088
太阳纸业,造纸,002078
远 望 谷,其他电子,002161
航民股份,纺织制造,600987
青岛食品,食品加工制造,001219
同兴达,光学光电子,002845
信凯科技,化学制品,001335
好太太,家居用品,603848
天融信,软件开发,002212
雷尔伟,轨交设备,301016
南侨食品,食品加工制造,605339
隆鑫通用,汽车服务及其他,603766
亿纬锂能,电池,300014
上大股份,金属新材料,301522
上海电气,其他电源设备,601727
新乡化纤,化学纤维,000949
时代出版,文化传媒,600551
健民集团,中药,600976
鼎信通讯,通信设备,603421
中信银行,银行,601998
创世纪,通用设备,300083
万向德农,种植业与林业,600371
同方股份,计算机设备,600100
北京利尔,建筑材料,002392
雪迪龙,环保设备,002658
建发股份,物流,600153
森林包装,造纸,605500
惠发食品,食品加工制造,603536
国药现代,化学制药,600420
长安汽车,汽车整车,000625
益客食品,食品加工制造,301116
中南传媒,文化传媒,601098
冰轮环境,通用设备,000811
精锻科技,汽车零部件,300258
海伦哲,工程机械,300201
天龙集团,文化传媒,300063
吉祥航空,机场航运,603885
黄山旅游,旅游及酒店,600054
宁波方正,汽车零部件,300998
无锡振华,汽车零部件,605319
盛景微,半导体,603375
中红医疗,医疗器械,300981
招商证券,证券,600999
鸿富瀚,消费电子,301086
拉芳家化,美容护理,603630
龙韵股份,文化传媒,603729
上海医药,医药商业,601607
汇顶科技,半导体,603160
格力电器,白色家电,000651
泰金新能,专用设备,688813
药康生物,医疗服务,688046
联检科技,其他社会服务,301115
禾望电气,风电设备,603063
立华股份,养殖业,300761
仙鹤股份,造纸,603733
维海德,计算机设备,301318
中国移动,通信服务,600941
南芯科技,半导体,688484
恒鑫生活,家居用品,301501
国恩股份,塑料制品,002768
星宸科技,半导体,301536
孩子王,零售,301078
超越科技,环境治理,301049
中胤时尚,服装家纺,300901
龙利得,包装印刷,300883
澄天伟业,通信设备,300689
创业慧康,软件开发,300451
博世科,环境治理,300422
三诺生物,医疗器械,300298
开能健康,小家电,300272
ST恒信,通信服务,300081
天禾股份,农化制品,002999
奥美医疗,医疗器械,002950
深南电路,元件,002916
可立克,其他电子,002782
东江环保,环境治理,002672
哈尔斯,家居用品,002615
新筑股份,电力,002480
龙星科技,橡胶制品,002442
省广集团,文化传媒,002400
桂林三金,中药,002275
美邦服饰,服装家纺,002269
滨江集团,房地产,002244
劲嘉股份,包装印刷,002191
*ST星光,光学光电子,002076
浙江交科,建筑装饰,002061
阳光乳业,饮料制造,001318
中铁特货,公路铁路运输,001213
*ST中基,农产品加工,000972
佳电股份,电机,000922
新 希 望,农产品加工,000876
鲁  泰Ａ,纺织制造,000726
通程控股,零售,000419
深圳机场,机场航运,000089
华控赛格,环境治理,000068
方大集团,建筑材料,000055
博拓生物,医疗器械,688767
光峰科技,消费电子,688007
聚合顺,化学纤维,605166
正和生态,环境治理,605069
吉华集团,化学制品,603980
雅运股份,化学制品,603790
香飘飘,饮料制造,603711
爱慕股份,服装家纺,603511
美思德,化学制品,603041
招商南油,港口航运,601975
美凯龙,零售,601828
光大银行,银行,601818
皖新传媒,文化传媒,601801
中国建筑,建筑装饰,601668
长城汽车,汽车整车,601633
浙文影业,纺织制造,601599
中铝国际,建筑装饰,601068
宁波港,港口航运,601018
重庆钢铁,钢铁,601005
苏豪汇鸿,贸易,600981
岳阳林纸,造纸,600963
广日股份,专用设备,600894
国投电力,电力,600886
博闻科技,种植业与林业,600883
中储股份,物流,600787
南京医药,医药商业,600713
欧亚集团,零售,600697
上海石化,石油加工贸易,600688
珠江股份,房地产,600684
川投能源,电力,600674
天地源,房地产,600665
陆家嘴,房地产,600663
外服控股,其他社会服务,600662
申华控股,汽车服务及其他,600653
新华医疗,医疗器械,600587
金晶科技,化学原料,600586
淮河能源,电力,600575
交大昂立,食品加工制造,600530
空港股份,房地产,600463
时代新材,风电设备,600458
中央商场,零售,600280
嘉化能源,化学制品,600273
大湖股份,医疗服务,600257
福瑞达,美容护理,600223
中再资环,环境治理,600217
国中水务,环境治理,600187
金花股份,中药,600080
光明肉业,食品加工制造,600073
中国联通,通信服务,600050
民生银行,银行,600016
恒达新材,造纸,301469
达梦数据,软件开发,688692
味知香,食品加工制造,605089
万华化学,化学制品,600309
金龙汽车,汽车整车,600686
国泰海通,证券,601211
恒逸石化,化学纤维,000703
S佳通,汽车零部件,600182
株冶集团,工业金属,600961
中原传媒,文化传媒,000719
中远海控,港口航运,601919
航天环宇,军工装备,688523
宏昌电子,电子化学品,603002
品渥食品,饮料制造,300892
博盈特焊,专用设备,301468
镇洋发展,化学原料,603213
乐歌股份,家居用品,300729
复星医药,化学制药,600196
三星电气,电网设备,601567
伊利股份,饮料制造,600887
华骐环保,环境治理,300929
江特电机,电机,002176
南都物业,房地产,603506
白云山,中药,600332
三维股份,橡胶制品,603033
南兴股份,专用设备,002757
永艺股份,家居用品,603600
中信博,光伏设备,688408
飞凯材料,电子化学品,300398
良品铺子,食品加工制造,603719
神农集团,养殖业,605296
百合股份,食品加工制造,603102
*ST华微,半导体,600360
上海九百,零售,600838
健之佳,医药商业,605266
云涌科技,计算机设备,688060
兴业银行,银行,601166
道通科技,计算机设备,688208
隆基绿能,光伏设备,601012
金科环境,环境治理,688466
ST华扬,文化传媒,603825
维业股份,建筑装饰,300621
深物业A,房地产,000011
汇洁股份,服装家纺,002763
东睦股份,通用设备,600114
鲁抗医药,化学制药,600789
纽威数控,通用设备,688697
浙江建投,建筑装饰,002761
春秋航空,机场航运,601021
ST张家界,旅游及酒店,000430
奇正藏药,中药,002287
*ST威尔,电池,002058
安正时尚,服装家纺,603839
华特达因,化学制药,000915
华生科技,纺织制造,605180
中粮糖业,农产品加工,600737
宁波富达,房地产,600724
锦和商管,零售,603682
海峡环保,环境治理,603817
海南华铁,多元金融,603300
嘉欣丝绸,服装家纺,002404
大亚圣象,家居用品,000910
博深股份,通用设备,002282
ST凯利,医疗器械,300326
东方环宇,燃气,603706
阿特斯,光伏设备,688472
国网英大,多元金融,600517
兴瑞科技,汽车零部件,002937
龙版传媒,文化传媒,605577
*ST返利,文化传媒,600228
常青科技,化学制品,603125
大胜达,包装印刷,603687
润都股份,化学制药,002923
中国外运,物流,601598
开开实业,医药商业,600272
中泰证券,证券,600918
大丰实业,专用设备,603081
中兰环保,环境治理,300854
珠免集团,零售,600185
宝莫股份,石油加工贸易,002476
一鸣食品,饮料制造,605179
中科曙光,计算机设备,603019
科远智慧,IT服务,002380
辰安科技,IT服务,300523
五矿发展,贸易,600058
华贸物流,物流,603128
亚士创能,建筑材料,603378
中晶科技,半导体,003026
兆讯传媒,文化传媒,301102
国货航,物流,001391
厦门空港,机场航运,600897
伟星新材,建筑材料,002372
众鑫股份,家居用品,603091
理邦仪器,医疗器械,300206
明阳电气,电网设备,301291
登海种业,种植业与林业,002041
豫园股份,零售,600655
华东医药,化学制药,000963
中巨芯-U,电子化学品,688549
中直股份,军工装备,600038
何氏眼科,医疗服务,301103
海达股份,橡胶制品,300320
天山股份,建筑材料,000877
金牌家居,家居用品,603180
兰生股份,其他社会服务,600826
联泰环保,环境治理,603797
国联民生,证券,601456
*ST波导,消费电子,600130
三木集团,综合,000632
四维图新,软件开发,002405
科华数据,其他电源设备,002335
先导基电,半导体,600641
国电南瑞,电网设备,600406
赣粤高速,公路铁路运输,600269
ST东尼,消费电子,603595
双塔食品,农产品加工,002481
宇晶股份,通用设备,002943
中航高科,军工装备,600862
康德莱,医疗器械,603987
鼎龙科技,化学制品,603004
科沃斯,小家电,603486
引力传媒,文化传媒,603598
华宝股份,化学制品,300741
步步高,零售,002251
武商集团,零售,000501
中国太保,保险,601601
合盛硅业,化学制品,603260
金达莱,环境治理,688057
江苏华辰,电网设备,603097
光正眼科,医疗服务,002524
维尔利,环境治理,300190
永吉股份,包装印刷,603058
益民集团,零售,600824
申达股份,汽车零部件,600626
华利集团,纺织制造,300979
*ST阳光,房地产,000608
中国平安,保险,601318
海联金汇,汽车零部件,002537
中原高速,公路铁路运输,600020
歌华有线,文化传媒,600037
三夫户外,服装家纺,002780
南京商旅,旅游及酒店,600250
六九一二,军工电子,301592
昆药集团,中药,600422
顺丰控股,物流,002352
君禾股份,通用设备,603617
福建高速,公路铁路运输,600033
报 喜 鸟,服装家纺,002154
巨星农牧,养殖业,603477
正泰电器,电网设备,601877
清新环境,环境治理,002573
立霸股份,白色家电,603519
方正证券,证券,601901
汇通控股,汽车零部件,603409
紫江企业,包装印刷,600210
大连重工,专用设备,002204
电魂网络,游戏,603258
中国铁建,建筑装饰,601186
禾丰股份,农产品加工,603609
陕国投Ａ,多元金融,000563
永贵电器,轨交设备,300351
尚荣医疗,医疗器械,002551
禾迈股份,光伏设备,688032
岱美股份,汽车零部件,603730
昆船智能,通用设备,301311
光明地产,房地产,600708
国力电子,其他电子,688103
凯盛新能,光伏设备,600876
氯碱化工,化学原料,600618
天能股份,电池,688819
新钢股份,钢铁,600782
瑞茂通,物流,600180
双箭股份,橡胶制品,002381
山东药玻,医疗器械,600529
国缆检测,其他社会服务,301289
永安林业,种植业与林业,000663
美邦股份,农化制品,605033
安泰集团,煤炭开采加工,600408
*ST东晶,元件,002199
海 利 得,化学纤维,002206
广深铁路,公路铁路运输,601333
安道麦A,农化制品,000553
葵花药业,中药,002737
芒果超媒,文化传媒,300413
华尔泰,化学原料,001217
两面针,美容护理,600249
*ST荣控,房地产,000668
盛天网络,游戏,300494
大龙地产,房地产,600159
福立旺,消费电子,688678
海螺新材,建筑材料,000619
中国中冶,建筑装饰,601618
易德龙,消费电子,603380
龙洲股份,物流,002682
ST德豪,小家电,002005
新华网,文化传媒,603888
中国银行,银行,601988
许继电气,电网设备,000400
辽宁成大,生物制品,600739
广发证券,证券,000776
凯赛生物,化学制品,688065
大悦城,房地产,000031
旷达科技,汽车零部件,002516
深城交,建筑装饰,301091
招商蛇口,房地产,001979
金域医学,医疗服务,603882
新相微,半导体,688593
煌上煌,食品加工制造,002695
物产环能,物流,603071
重庆建工,建筑装饰,600939
富创精密,半导体,688409
达实智能,IT服务,002421
能特科技,化学制药,002102
神力股份,电机,603819
银座股份,零售,600858
*ST新元,专用设备,300472
运达股份,风电设备,300772
华润三九,中药,000999
健康元,化学制药,600380
平高电气,电网设备,600312
云南白药,中药,000538
奥飞娱乐,影视院线,002292
迈得医疗,自动化设备,688310
佳禾食品,饮料制造,605300
上海建工,建筑装饰,600170
大庆华科,石油加工贸易,000985
达仁堂,中药,600329
羚锐制药,中药,600285
建工修复,环境治理,300958
吉林化纤,化学纤维,000420
中国中铁,建筑装饰,601390
立讯精密,消费电子,002475
西宁特钢,钢铁,600117
立高食品,食品加工制造,300973
红旗连锁,零售,002697
老凤祥,服装家纺,600612
杭州解百,零售,600814
茂业商业,零售,600828
东兴证券,证券,601198
红塔证券,证券,601236
上海电力,电力,600021
居然智家,零售,000785
山东出版,文化传媒,601019
劲旅环境,环境治理,001230
中公教育,教育,002607
海量数据,软件开发,603138
磁谷科技,通用设备,688448
中自科技,汽车零部件,688737
皓宸医疗,医疗服务,002622
东阿阿胶,中药,000423
春秋电子,消费电子,603890
贝因美,饮料制造,002570
京沪高铁,公路铁路运输,601816
腾达建设,建筑装饰,600512
中建环能,环境治理,300425
柳    工,工程机械,000528
全通教育,教育,300359
新赛股份,种植业与林业,600540
深振业Ａ,房地产,000006
会畅科技,通信服务,300578
首都在线,通信服务,300846
人民同泰,医药商业,600829
乔治白,服装家纺,002687
中南股份,钢铁,000717
北汽蓝谷,汽车整车,600733
江铃汽车,汽车整车,000550
智翔金泰-U,生物制品,688443
丽珠集团,化学制药,000513
海康威视,计算机设备,002415
栖霞建设,房地产,600533
美芝股份,建筑装饰,002856
长鸿高科,塑料制品,605008
上海汽配,汽车零部件,603107
丽尚国潮,零售,600738
华鑫股份,证券,600621
凤竹纺织,纺织制造,600493
*ST云网,旅游及酒店,002306
西部创业,公路铁路运输,000557
朗新科技,IT服务,300682
鸿日达,消费电子,301285
科源制药,化学制药,301281
鞍钢股份,钢铁,000898
浙大网新,IT服务,600797
第一医药,医药商业,600833
中青旅,旅游及酒店,600138
山外山,医疗器械,688410
中新赛克,计算机设备,002912
浙富控股,环境治理,002266
天龙股份,汽车零部件,603266
赛轮轮胎,汽车零部件,601058
航新科技,军工装备,300424
晨光股份,家居用品,603899
华润双鹤,化学制药,600062
海信家电,白色家电,000921
回天新材,化学制品,300041
晶科能源,光伏设备,688223
胜通能源,燃气,001331
海大集团,农产品加工,002311
江西长运,公路铁路运输,600561
友邦吊顶,建筑材料,002718
茂化实华,石油加工贸易,000637
渤海股份,环境治理,000605
读者传媒,文化传媒,603999
白云机场,机场航运,600004
雪峰科技,化学制品,603227
麦澜德,医疗器械,688273
天新药业,化学制药,603235
ST合纵,电网设备,300477
海立股份,白色家电,600619
新联电子,电网设备,002546
国机重装,专用设备,601399
卓郎智能,专用设备,600545
鼎阳科技,通用设备,688112
开创国际,养殖业,600097
浩辰软件,软件开发,688657
国泰集团,化学制品,603977
贝斯美,农化制品,300796
湘电股份,电机,600416
润和软件,IT服务,300339
至信股份,汽车零部件,603352
同力天启,专用设备,605286
索菲亚,家居用品,002572
福赛科技,汽车零部件,301529
凌霄泵业,通用设备,002884
上海电影,影视院线,601595
开润股份,服装家纺,300577
分众传媒,文化传媒,002027
中恒电气,其他电源设备,002364
东吴证券,证券,601555
合兴股份,汽车零部件,605005
仁信新材,塑料制品,301395
华大九天,软件开发,301269
国网信通,IT服务,600131
中文传媒,文化传媒,600373
东港股份,包装印刷,002117
舜禹股份,环境治理,301519
金春股份,纺织制造,300877
溢多利,化学制药,300381
广博股份,家居用品,002103
瀚川智能,专用设备,688022
甬金股份,钢铁,603995
雅博股份,建筑装饰,002323
景业智能,自动化设备,688290
上海家化,美容护理,600315
星德胜,电机,603344
中瓷电子,通信设备,003031
兴齐眼药,化学制药,300573
微电生理,医疗器械,688351
国机汽车,汽车服务及其他,600335
燕塘乳业,饮料制造,002732
浪潮信息,计算机设备,000977
城市传媒,文化传媒,600229
中粮科工,建筑装饰,301058
凯中精密,电机,002823
冠豪高新,造纸,600433
长江材料,非金属材料,001296
华润江中,中药,600750
捷安高科,计算机设备,300845
老板电器,厨卫电器,002508
隆平高科,种植业与林业,000998
恺英网络,游戏,002517
宋城演艺,旅游及酒店,300144
信雅达,软件开发,600571
道道全,农产品加工,002852
仁和药业,中药,000650
新大正,房地产,002968
中国中免,零售,601888
通达创智,家居用品,001368
水星家纺,服装家纺,603365
沃华医药,中药,002107
佳都科技,IT服务,600728
漫步者,消费电子,002351
荣安地产,房地产,000517
易明医药,化学制药,002826
信达证券,证券,601059
宏盛华源,电网设备,601096
西部建设,建筑材料,002302
纳微科技,化学制药,688690
海欣食品,食品加工制造,002702
上海凤凰,汽车服务及其他,600679
中国人寿,保险,601628
国元证券,证券,000728
乔锋智能,通用设备,301603
文科股份,建筑装饰,002775
南京证券,证券,601990
农发种业,种植业与林业,600313
越秀资本,多元金融,000987
拓维信息,软件开发,002261
华设集团,建筑装饰,603018
奥福科技,汽车零部件,688021
奥士康,元件,002913
永东股份,橡胶制品,002753
中航成飞,军工装备,302132
欧晶科技,光伏设备,001269
联合动力,汽车零部件,301656
宏发股份,电网设备,600885
天合光能,光伏设备,688599
杰创智能,IT服务,301248
富岭股份,家居用品,001356
弘亚数控,专用设备,002833
西上海,汽车零部件,605151
恩华药业,化学制药,002262
威奥股份,轨交设备,605001
太极集团,中药,600129
鹭燕医药,医药商业,002788
新世界,零售,600628
拱东医疗,医疗器械,605369
美亚光电,专用设备,002690
维维股份,饮料制造,600300
丽人丽妆,互联网电商,605136
天威视讯,文化传媒,002238
农业银行,银行,601288
海洋王,光学光电子,002724
奥飞数据,通信服务,300738
浙江力诺,通用设备,300838
嘉事堂,医药商业,002462
中国医药,医药商业,600056
艾布鲁,环境治理,301259
物产中大,物流,600704
中科微至,通用设备,688211
金鹰股份,纺织制造,600232
国邦医药,化学制药,605507
统一股份,石油加工贸易,600506
六国化工,农化制品,600470
嘉和美康,软件开发,688246
上海机场,机场航运,600009
凯盛新材,化学原料,301069
招商积余,房地产,001914
英搏尔,汽车零部件,300681
邦基科技,农产品加工,603151
浙江正特,家居用品,001238
珍宝岛,中药,603567
萤石网络,计算机设备,688475
固德威,光伏设备,688390
欣灵电气,电网设备,301388
共同药业,化学制药,300966
闰土股份,化学制品,002440
深桑达Ａ,建筑装饰,000032
欣龙控股,纺织制造,000955
天坛生物,生物制品,600161
中机认检,其他社会服务,301508
致欧科技,家居用品,301376
艾迪药业,生物制品,688488
神农种业,种植业与林业,300189
创业黑马,教育,300688
蒙娜丽莎,家居用品,002918
新 华 都,文化传媒,002264
嘉诚国际,物流,603535
浙农股份,农化制品,002758
中材节能,环境治理,603126
德美化工,化学制品,002054
畅联股份,物流,603648
三元生物,化学制品,301206
交控科技,轨交设备,688015
鸿铭股份,专用设备,301105
建设银行,银行,601939
京粮控股,农产品加工,000505
百利电气,电网设备,600468
富淼科技,化学制品,688350
广宇集团,房地产,002133
深 赛 格,零售,000058
海天瑞声,IT服务,688787
远光软件,软件开发,002063
华荣股份,专用设备,603855
北方华创,半导体,002371
辽港股份,港口航运,601880
华光环能,电力,600475
江山欧派,家居用品,603208
天顺股份,物流,002800
电工合金,工业金属,300697
国创高新,石油加工贸易,002377
通裕重工,风电设备,300185
众信旅游,旅游及酒店,002707
亚玛顿,光伏设备,002623
继峰股份,汽车零部件,603997
信邦制药,中药,002390
海天味业,食品加工制造,603288
露笑科技,电力,002617
云图控股,农化制品,002539
康力电梯,专用设备,002367
韩建河山,建筑材料,603616
读客文化,文化传媒,301025
龙泉股份,建筑材料,002671
秦安股份,汽车零部件,603758
嘉泽新能,电力,601619
宸展光电,光学光电子,003019
健友股份,化学制药,603707
新宙邦,电池,300037
宝泰隆,煤炭开采加工,601011
图南股份,金属新材料,300855
雄塑科技,建筑材料,300599
德尔玛,小家电,301332
钱江水利,环境治理,600283
鄂尔多斯,钢铁,600295
华帝股份,厨卫电器,002035
ST通葡,互联网电商,600365
润丰股份,农化制品,301035
兴欣新材,化学制品,001358
华仁药业,化学制药,300110
世嘉科技,通信设备,002796
天目湖,旅游及酒店,603136
岱勒新材,通用设备,300700
慧博云通,IT服务,301316
盾安环境,白色家电,002011
牧高笛,服装家纺,603908
托普云农,IT服务,301556
至正股份,半导体,603991
中航重机,军工装备,600765
中公高科,建筑装饰,603860
宁波中百,零售,600857
珀莱雅,美容护理,603605
振东制药,中药,300158
富春股份,游戏,300299
悦心健康,家居用品,002162
万邦德,中药,002082
金龙鱼,农产品加工,300999
鲁阳节能,建筑材料,002088
洪兴股份,服装家纺,001209
巍华新材,化学制品,603310
聚飞光电,光学光电子,300303
捷强装备,军工装备,300875
西藏城投,房地产,600773
中航机载,军工装备,600372
东亚药业,化学制药,605177
开立医疗,医疗器械,300633
中国人保,保险,601319
美农生物,化学制品,301156
祖名股份,农产品加工,003030
巨人网络,游戏,002558
中国软件,IT服务,600536
海螺水泥,建筑材料,600585
金固股份,汽车零部件,002488
达安基因,医疗器械,002030
中粮资本,多元金融,002423
万丰奥威,汽车零部件,002085
金河生物,养殖业,002688
天奥电子,军工电子,002935
华阳股份,煤炭开采加工,600348
金一文化,服装家纺,002721
中国电影,影视院线,600977
汉商集团,化学制药,600774
奥翔药业,化学制药,603229
千方科技,IT服务,002373
三和管桩,建筑材料,003037
粤海饲料,农产品加工,001313
成大生物,生物制品,688739
上海新阳,电子化学品,300236
海南矿业,钢铁,601969
周大生,服装家纺,002867
柳药集团,医药商业,603368
华西股份,化学纤维,000936
金运激光,自动化设备,300220
汇宇制药-W,化学制药,688553
海尔智家,白色家电,600690
福安药业,化学制药,300194
浦发银行,银行,600000
当升科技,电池,300073
瑞玛精密,汽车零部件,002976
长城电工,电网设备,600192
凤凰传媒,文化传媒,601928
长青科技,轨交设备,001324
三达膜,环境治理,688101
保立佳,化学制品,301037
电科院,其他社会服务,300215
碧水源,环境治理,300070
广电运通,计算机设备,002152
中远海发,港口航运,601866
万东医疗,医疗器械,600055
中原证券,证券,601375
华明装备,电网设备,002270
中联重科,工程机械,000157
中电环保,环境治理,300172
福耀玻璃,汽车零部件,600660
汉嘉数智,IT服务,300746
华泰股份,造纸,600308
通合科技,其他电源设备,300491
航天电子,军工装备,600879
国药一致,医药商业,000028
新 大 陆,计算机设备,000997
顾家家居,家居用品,603816
英科医疗,医疗器械,300677
*ST宝实,电力,000595
中铁工业,轨交设备,600528
正丹股份,化学制品,300641
通威股份,光伏设备,600438
诚迈科技,软件开发,300598
海波重科,建筑装饰,300517
华媒控股,文化传媒,000607
九鼎投资,多元金融,600053
艾为电子,半导体,688798
易普力,化学制品,002096
北路智控,软件开发,301195
春风动力,汽车服务及其他,603129
爱柯迪,汽车零部件,600933
汉森制药,中药,002412
汉马科技,汽车整车,600375
软通动力,IT服务,301236
诺力股份,工程机械,603611
上海合晶,半导体,688584
威尔药业,化学制药,603351
湖南投资,公路铁路运输,000548
中牧股份,养殖业,600195
中信海直,机场航运,000099
海澜之家,服装家纺,600398
*ST传智,教育,003032
东北制药,化学制药,000597
海鸥股份,通用设备,603269
博隆技术,专用设备,603325
盘龙药业,中药,002864
英诺特,医疗器械,688253
嵘泰股份,汽车零部件,605133
风范股份,电网设备,601700
中国银河,证券,601881
启明星辰,软件开发,002439
新城市,建筑装饰,300778
克明食品,食品加工制造,002661
华创云信,证券,600155
中创智领,专用设备,601717
长高电新,电网设备,002452
我乐家居,家居用品,603326
三鑫医疗,医疗器械,300453
沃尔核材,其他电子,002130
恒盛能源,电力,605580
中恒集团,中药,600252
金埔园林,建筑装饰,301098
兴森科技,元件,002436
TCL中环,光伏设备,002129
美丽生态,建筑装饰,000010
天下秀,文化传媒,600556
敦煌种业,种植业与林业,600354
元祖股份,食品加工制造,603886
广信材料,电子化学品,300537
齐峰新材,造纸,002521
人民网,文化传媒,603000
齐翔腾达,石油加工贸易,002408
晨光新材,化学制品,605399
星球石墨,专用设备,688633
上海沿浦,汽车零部件,605128
铁建重工,工程机械,688425
德固特,专用设备,300950
ST东时,教育,603377
小方制药,化学制药,603207
西域旅游,旅游及酒店,300859
万和电气,厨卫电器,002543
东方创业,贸易,600278
中信建投,证券,601066
威高血净,医疗器械,603014
海陆重工,其他电源设备,002255
中国中车,轨交设备,601766
沪光股份,汽车零部件,605333
首航新能,光伏设备,301658
江海股份,元件,002484
广电电气,电网设备,601616
百诚医药,医疗服务,301096
ST太重,专用设备,600169
亚邦股份,化学制品,603188
金能科技,化学原料,603113
坤泰股份,汽车零部件,001260
亿华通-U,电池,688339
和展能源,风电设备,000809
广汽集团,汽车整车,601238
保税科技,物流,600794
均普智能,自动化设备,688306
东瑞股份,养殖业,001201
渝 开 发,房地产,000514
耀皮玻璃,建筑材料,600819
好当家,养殖业,600467
津投城开,房地产,600322
天目药业,中药,600671
华阳国际,建筑装饰,002949
亚辉龙,医疗器械,688575
华发股份,房地产,600325
抚顺特钢,钢铁,600399
ST逸飞,自动化设备,688646
索菱股份,汽车零部件,002766
佛慈制药,中药,002644
玲珑轮胎,汽车零部件,601966
柏诚股份,建筑装饰,601133
恒立液压,工程机械,601100
智微智能,计算机设备,001339
醋化股份,化学制品,603968
生 意 宝,文化传媒,002095
优彩资源,化学纤维,002998
申万宏源,证券,000166
百洋医药,医药商业,301015
新华传媒,文化传媒,600825
京新药业,化学制药,002020
ST人福,化学制药,600079
三只松鼠,食品加工制造,300783
广东建科,其他社会服务,301632
台华新材,纺织制造,603055
帝欧水华,家居用品,002798
中信证券,证券,600030
健麾信息,自动化设备,605186
华辰装备,通用设备,300809
瑞芯微,半导体,603893
杭华股份,化学制品,688571
河钢股份,钢铁,000709
国际医学,医疗服务,000516
永达股份,工程机械,001239
恒大高新,化学制品,002591
ST尔雅,服装家纺,600107
浪莎股份,服装家纺,600137
红墙股份,化学制品,002809
影石创新,消费电子,688775
金明精机,专用设备,300281
东软集团,IT服务,600718
普莱柯,养殖业,603566
海南瑞泽,建筑材料,002596
弘景光电,光学光电子,301479
红太阳,农化制品,000525
中船科技,风电设备,600072
广东鸿图,汽车零部件,002101
中材国际,建筑装饰,600970
盐 田 港,港口航运,000088
天娱数科,文化传媒,002354
宏华数科,专用设备,688789
鑫源智造,工业金属,600615
国电南自,电网设备,600268
威派格,专用设备,603956
永安期货,多元金融,600927
南  玻Ａ,建筑材料,000012
美盈森,包装印刷,002303
上海莱士,生物制品,002252
皖仪科技,通用设备,688600
新巨丰,包装印刷,301296
林州重机,专用设备,002535
养元饮品,饮料制造,603156
数码视讯,IT服务,300079
西藏药业,生物制品,600211
松霖科技,家居用品,603992
中顺洁柔,美容护理,002511
梦百合,家居用品,603313
宝地矿业,钢铁,601121
和仁科技,软件开发,300550
*ST新研,专用设备,300159
高乐股份,家居用品,002348
爱普股份,化学制品,603020
新媒股份,文化传媒,300770
海普瑞,化学制药,002399
南方传媒,文化传媒,601900
世盟股份,物流,001220
士兰微,半导体,600460
三 力 士,橡胶制品,002224
三一重工,工程机械,600031
卫光生物,生物制品,002880
香溢融通,多元金融,600830
凯莱英,医疗服务,002821
红四方,农化制品,603395
中国国贸,房地产,600007
华亚智能,半导体,003043
建发致新,医药商业,301584
飞鹿股份,化学制品,300665
无线传媒,文化传媒,301551
国脉科技,通信服务,002093
首创证券,证券,601136
中力股份,工程机械,603194
海兴电力,电网设备,603556
新华百货,零售,600785
华海药业,化学制药,600521
天元股份,包装印刷,003003
安凯客车,汽车整车,000868
浙江鼎力,工程机械,603338
爱科赛博,其他电源设备,688719
贵广网络,文化传媒,600996
万泰生物,医疗器械,603392
力芯微,半导体,688601
国金证券,证券,600109
速达股份,专用设备,001277
红棉股份,饮料制造,000523
ST任子行,软件开发,300311
晨丰科技,光学光电子,603685
标准股份,专用设备,600302
派林生物,生物制品,000403
华金资本,多元金融,000532
迈克生物,医疗器械,300463
丰元股份,电池,002805
巨化股份,化学制品,600160
中航沈飞,军工装备,600760
恒力石化,石油加工贸易,600346
绿岛风,通用设备,301043
天玛智控,自动化设备,688570
国机通用,专用设备,600444
中汽股份,汽车服务及其他,301215
中科电气,电池,300035
大中矿业,钢铁,001203
晶瑞电材,电子化学品,300655
钢研纳克,其他社会服务,300797
大烨智能,电网设备,300670
苏宁环球,房地产,000718
西南证券,证券,600369
新通联,包装印刷,603022
世名科技,化学制品,300522
深水规院,建筑装饰,301038
中信重工,专用设备,601608
曙光股份,汽车整车,600303
长江证券,证券,000783
科美诊断,医疗器械,688468
威龙股份,饮料制造,603779
国芯科技,半导体,688262
新华制药,化学制药,000756
思美传媒,文化传媒,002712
长缆科技,电网设备,002879
箭牌家居,家居用品,001322
湖南天雁,汽车零部件,600698
汇创达,光学光电子,300909
上海雅仕,物流,603329
云维股份,贸易,600725
共创草坪,家居用品,605099
华域汽车,汽车零部件,600741
中策橡胶,汽车零部件,603049
和顺石油,石油加工贸易,603353
绿盟科技,软件开发,300369
鱼跃医疗,医疗器械,002223
融发核电,其他电源设备,002366
中视传媒,影视院线,600088
山东赫达,化学制品,002810
杭萧钢构,建筑装饰,600477
华达科技,汽车零部件,603358
东方材料,化学制品,603110
太龙药业,中药,600222
*ST智胜,软件开发,002253
青岛金王,家居用品,002094
中远海特,港口航运,600428
蓝科高新,专用设备,601798
阳光照明,光学光电子,600261
ST思科瑞,军工电子,688053
蓝英装备,专用设备,300293
迪瑞医疗,医疗器械,300396
东航物流,物流,601156
蕾奥规划,建筑装饰,300989
*ST摩登,服装家纺,002656
金雷股份,风电设备,300443
麦克奥迪,医疗器械,300341
筑博设计,建筑装饰,300564
兴民智通,汽车零部件,002355
安路科技,半导体,688107
汇成真空,专用设备,301392
利安隆,化学制品,300596
奥泰生物,医疗器械,688606
中国天楹,环境治理,000035
鹏鼎控股,元件,002938
东威科技,专用设备,688700
贵绳股份,通用设备,600992
兆日科技,计算机设备,300333
晶澳科技,光伏设备,002459
*ST金比,服装家纺,002762
中国宝安,电池,000009
兴业证券,证券,601377
信达地产,房地产,600657
南京新百,综合,600682
航天智装,计算机设备,300455
深纺织Ａ,光学光电子,000045
中科软,软件开发,603927
华蓝集团,建筑装饰,301027
同和药业,化学制药,300636
天成自控,汽车零部件,603085
中集环科,通用设备,301559
聚石化学,塑料制品,688669
百傲化学,农化制品,603360
宁波华翔,汽车零部件,002048
好想你,食品加工制造,002582
保利发展,房地产,600048
扬杰科技,半导体,300373
珈伟新能,电力,300317
TCL智家,白色家电,002668
博雅生物,生物制品,300294
ST海泰,房地产,600082
海力风电,风电设备,301155
大北农,农产品加工,002385
宁波远洋,港口航运,601022
宇邦新材,光伏设备,301266
鼎际得,化学制品,603255
喜悦智行,包装印刷,301198
锡装股份,专用设备,001332
海天精工,通用设备,601882
世纪天鸿,文化传媒,300654
恒光股份,化学原料,301118
太极股份,IT服务,002368
上海凯宝,中药,300039
长华集团,汽车零部件,605018
振华股份,化学原料,603067
元隆雅图,文化传媒,002878
碧兴物联,环保设备,688671
复旦张江,化学制药,688505
中交设计,建筑装饰,600720
广汇物流,物流,600603
大连友谊,零售,000679
华强科技,医疗器械,688151
中国铀业,小金属,001280
济高发展,医疗器械,600807
重庆港,港口航运,600279
民丰特纸,造纸,600235
国海证券,证券,000750
东方嘉盛,物流,002889
常熟汽饰,汽车零部件,603035
五洲交通,公路铁路运输,600368
ST智知,IT服务,603869
东岳硅材,化学制品,300821
比音勒芬,服装家纺,002832
英利汽车,汽车零部件,601279
金达威,食品加工制造,002626
仁智股份,建筑装饰,002629
思特威-W,半导体,688213
福瑞医科,医疗器械,300049
天通股份,电子化学品,600330
浙江震元,医药商业,000705
采纳股份,医疗器械,301122
容大感光,电子化学品,300576
华峰化学,化学纤维,002064
益盛药业,中药,002566
菲林格尔,家居用品,603226
金房能源,电力,001210
寒武纪,半导体,688256
华天酒店,旅游及酒店,000428
峨眉山Ａ,旅游及酒店,000888
众望布艺,服装家纺,605003
天虹股份,零售,002419
东珠生态,环境治理,603359
芯海科技,半导体,688595
通达海,软件开发,301378
艾可蓝,汽车零部件,300816
卧龙新能,电力,600173
泰永长征,电网设备,002927
豪迈科技,专用设备,002595
华安证券,证券,600909
佳云科技,文化传媒,300242
中国核建,建筑装饰,601611
索宝蛋白,农产品加工,603231
惠云钛业,化学原料,300891
苏盐井神,化学原料,603299
森源电气,电网设备,002358
新五丰,养殖业,600975
基蛋生物,医疗器械,603387
澳洋健康,医疗服务,002172
晶方科技,半导体,603005
新强联,风电设备,300850
世龙实业,化学原料,002748
思特奇,软件开发,300608
江龙船艇,军工装备,300589
达嘉维康,医药商业,301126
新宁物流,物流,300013
凯瑞德,贸易,002072
东北证券,证券,000686
广弘控股,食品加工制造,000529
华兰生物,生物制品,002007
上海临港,房地产,600848
宁波联合,综合,600051
华宝新能,电池,301327
湖北广电,文化传媒,000665
三六零,软件开发,601360
德必集团,零售,300947
金溢科技,计算机设备,002869
辰欣药业,化学制药,603367
塞力医疗,医药商业,603716
博士眼镜,零售,300622
通力科技,通用设备,301255
九典制药,化学制药,300705
彩讯股份,IT服务,300634
宏源药业,化学制药,301246
蒙泰高新,化学纤维,300876
常青股份,汽车零部件,603768
酷特智能,服装家纺,300840
*ST亚振,家居用品,603389
杭州银行,银行,600926
世纪瑞尔,IT服务,300150
申通地铁,公路铁路运输,600834
榕基软件,IT服务,002474
奕瑞科技,医疗器械,688301
顶点软件,软件开发,603383
财达证券,证券,600906
开普检测,其他社会服务,003008
天富龙,化学纤维,603406
中国武夷,房地产,000797
国盛智科,通用设备,688558
安旭生物,医疗器械,688075
四川美丰,农化制品,000731
派克新材,军工装备,605123
ST西发,饮料制造,000752
渝三峡Ａ,化学制品,000565
四川双马,多元金融,000935
欣贺股份,服装家纺,003016
盛帮股份,汽车零部件,301233
ST宁科,化学制品,600165
扬帆新材,化学制品,300637
兆新股份,电力,002256
正元地信,IT服务,688509
友好集团,零售,600778
神州高铁,轨交设备,000008
宁波海运,港口航运,600798
昭衍新药,医疗服务,603127
保隆科技,汽车零部件,603197
昊帆生物,生物制品,301393
华阳智能,电机,301502
鸿特科技,汽车零部件,300176
西部证券,证券,002673
北辰实业,其他社会服务,601588
优优绿能,其他电源设备,301590
信隆健康,汽车服务及其他,002105
天宇股份,化学制药,300702
美年健康,医疗服务,002044
九牧王,服装家纺,601566
香江控股,零售,600162
江航装备,军工装备,688586
亚通精工,汽车零部件,603190
藏格矿业,农化制品,000408
*ST惠程,化学制药,002168
五矿资本,多元金融,600390
恒尚节能,建筑装饰,603137
建设工业,军工装备,002265
民和股份,养殖业,002234
春光科技,白色家电,603657
宣亚国际,文化传媒,300612
威帝股份,汽车零部件,603023
海正药业,化学制药,600267
大禹节水,种植业与林业,300021
德冠新材,塑料制品,001378
凯淳股份,互联网电商,301001
广百股份,零售,002187
赛微微电,半导体,688325
中铁装配,建筑材料,300374
中化装备,专用设备,600579
浙商证券,证券,601878
康美药业,中药,600518
迅游科技,游戏,300467
歌力思,服装家纺,603808
宏川智慧,物流,002930
电科数字,IT服务,600850
福莱特,光伏设备,601865
全新好,零售,000007
吉林敖东,中药,000623
华勤技术,消费电子,603296
佳驰科技,军工装备,688708
卫信康,化学制药,603676
金隅集团,建筑材料,601992
中核科技,通用设备,000777
壹网壹创,互联网电商,300792
健尔康,医疗器械,603205
城投控股,房地产,600649
禾元生物-U,生物制品,688765
华安鑫创,汽车零部件,300928
卓创资讯,文化传媒,301299
江化微,电子化学品,603078
远信工业,专用设备,301053
南天信息,软件开发,000948
哈铁科技,轨交设备,688459
红日药业,中药,300026
百洋股份,农产品加工,002696
正虹科技,农产品加工,000702
长亮科技,软件开发,300348
神火股份,工业金属,000933
*ST金灵,通用设备,300091
清源股份,光伏设备,603628
祥源文旅,旅游及酒店,600576
密封科技,汽车零部件,301020
证通电子,IT服务,002197
颀中科技,半导体,688352
九强生物,医疗器械,300406
峰璟股份,汽车零部件,002662
三力制药,中药,603439
振华风光,军工电子,688439
ST百灵,中药,002424
万事利,纺织制造,301066
ST葫芦娃,中药,605199
赛维时代,互联网电商,301381
国投资本,证券,600061
振江股份,风电设备,603507
科前生物,养殖业,688526
东方明珠,文化传媒,600637
建研设计,建筑装饰,301167
海峡股份,港口航运,002320
寿仙谷,中药,603896
财通证券,证券,601108
麦迪科技,软件开发,603990
彩蝶实业,纺织制造,603073
网宿科技,IT服务,300017
沙河股份,房地产,000014
濮耐股份,建筑材料,002225
天元宠物,家居用品,301335
卓锦股份,环境治理,688701
百纳千成,影视院线,300291
回盛生物,养殖业,300871
金逸影视,影视院线,002905
贵航股份,汽车零部件,600523
瑞贝卡,服装家纺,600439
金禾实业,化学制品,002597
复旦微电,半导体,688385
公元股份,建筑材料,002641
海阳科技,化学纤维,603382
河化股份,化学制药,000953
上海物贸,汽车服务及其他,600822
麦趣尔,食品加工制造,002719
同宇新材,电子化学品,301630
渤海化学,石油加工贸易,600800
日月股份,风电设备,603218
思维列控,计算机设备,603508
东安动力,汽车零部件,600178
奇精机械,白色家电,603677
赛科希德,医疗器械,688338
特发信息,通信设备,000070
木林森,光学光电子,002745
锦江航运,港口航运,601083
宏达股份,农化制品,600331
ST章鼓,通用设备,002598
楚环科技,环保设备,001336
佛山照明,光学光电子,000541
维峰电子,其他电子,301328
顺控发展,环境治理,003039
中钢天源,其他社会服务,002057
龙建股份,建筑装饰,600853
先锋新材,家居用品,300163
中远海科,IT服务,002401
圣湘生物,医疗器械,688289
宿迁联盛,化学制品,603065
北巴传媒,汽车服务及其他,600386
恒基达鑫,物流,002492
光环新网,通信服务,300383
福石控股,文化传媒,300071
新亚电子,消费电子,605277
中国交建,建筑装饰,601800
城建发展,房地产,600266
中荣股份,包装印刷,301223
强力新材,电子化学品,300429
中国电研,专用设备,688128
积成电子,电网设备,002339
慈星股份,专用设备,300307
金自天正,专用设备,600560
长海股份,建筑材料,300196
中盐化工,化学原料,600328
荣盛石化,石油加工贸易,002493
蓝色光标,文化传媒,300058
普联软件,软件开发,300996
金盘科技,电网设备,688676
华联股份,零售,000882
全柴动力,汽车零部件,600218
祥龙电业,环境治理,600769
ST司特,农化制品,002538
科大讯飞,软件开发,002230
新莱福,金属新材料,301323
爱婴室,零售,603214
极米科技,黑色家电,688696
呈和科技,化学制品,688625
富吉瑞,军工电子,688272
友升股份,汽车零部件,603418
华斯股份,服装家纺,002494
新亚电缆,电网设备,001382
朗玛信息,IT服务,300288
利仁科技,小家电,001259
华电科工,建筑装饰,601226
中设股份,建筑装饰,002883
达威股份,化学制品,300535
日科化学,化学制品,300214
翱捷科技-U,半导体,688220
光格科技,电网设备,688450
光启技术,军工装备,002625
国科恒泰,医药商业,301370
文灿股份,汽车零部件,603348
濮阳惠成,电子化学品,300481
方正科技,元件,600601
机器人,自动化设备,300024
纽威股份,通用设备,603699
荣联科技,IT服务,002642
华夏航空,机场航运,002928
哈药股份,化学制药,600664
天益医疗,医疗器械,301097
三友医疗,医疗器械,688085
硅宝科技,化学制品,300019
博威合金,金属新材料,601137
水羊股份,美容护理,300740
张江高科,房地产,600895
华丰股份,通用设备,605100
侨源股份,化学制品,301286
富临运业,公路铁路运输,002357
如意集团,服装家纺,002193
奇安信-U,软件开发,688561
蓝天燃气,燃气,605368
药石科技,医疗服务,300725
钱江摩托,汽车服务及其他,000913
得利斯,食品加工制造,002330
沙钢股份,钢铁,002075
光线传媒,影视院线,300251
英派斯,家居用品,002899
必易微,半导体,688045
远翔新材,橡胶制品,301300
远东传动,汽车零部件,002406
森马服饰,服装家纺,002563
炬华科技,电网设备,300360
埃科光电,通用设备,688610
盘古智能,风电设备,301456
华鼎股份,化学纤维,601113
用友网络,软件开发,600588
大普微,半导体,301666
陇神戎发,中药,300534
思创智联,IT服务,300078
南凌科技,通信服务,300921
国联水产,养殖业,300094
华北制药,化学制药,600812
川恒股份,农化制品,002895
迦南科技,专用设备,300412
华中数控,通用设备,300161
良信股份,电网设备,002706
华懋科技,汽车零部件,603306
安居宝,计算机设备,300155
拓邦股份,消费电子,002139
捷顺科技,IT服务,002609
奥特维,光伏设备,688516
天元智能,工程机械,603273
悦达投资,综合,600805
三美股份,化学制品,603379
科德教育,教育,300192
宇信科技,IT服务,300674
中兴通讯,通信设备,000063
奥佳华,小家电,002614
康惠股份,中药,603139
新疆交建,建筑装饰,002941
华之杰,通用设备,603400
润阳科技,塑料制品,300920
太平洋,证券,601099
三一重能,风电设备,688349
运机集团,专用设备,001288
一博科技,元件,301366
金智科技,电网设备,002090
新华保险,保险,601336
特  力Ａ,综合,000025
天风证券,证券,601162
杉杉股份,光学光电子,600884
宁水集团,通用设备,603700
唯捷创芯,半导体,688153
延华智能,软件开发,002178
长城证券,证券,002939
霍普股份,建筑装饰,301024
方直科技,软件开发,300235
复洁科技,环保设备,688335
中国黄金,服装家纺,600916
安科生物,生物制品,300009
松芝股份,汽车零部件,002454
北新路桥,建筑装饰,002307
*ST南置,零售,002305
四方光电,通用设备,688665
博通股份,教育,600455
*ST中地,房地产,000736
*ST大立,军工电子,002214
新凤鸣,化学纤维,603225
久远银海,IT服务,002777
美康生物,医疗器械,300439
东方生物,医疗器械,688298
翔腾新材,光学光电子,001373
上海三毛,综合,600689
海鸥住工,家居用品,002084
智莱科技,计算机设备,300771
中金辐照,其他社会服务,300962
久其软件,软件开发,002279
大豪科技,自动化设备,603025
万林物流,物流,603117
晋西车轴,轨交设备,600495
同为股份,计算机设备,002835
友阿股份,零售,002277
益生股份,养殖业,002458
ST诺泰,化学制药,688076
中源协和,医疗器械,600645
利君股份,军工装备,002651
崇德科技,通用设备,301548
富煌钢构,建筑装饰,002743
西大门,家居用品,605155
万润股份,电子化学品,002643
通行宝,计算机设备,301339
力源科技,环境治理,688565
电投能源,煤炭开采加工,002128
特发服务,房地产,300917
际华集团,服装家纺,601718
浪潮软件,IT服务,600756
*ST辉丰,农化制品,002496
宏和科技,电子化学品,603256
我爱我家,房地产,000560
德创环保,环境治理,603177
海航控股,机场航运,600221
博力威,电池,688345
圣元环保,环境治理,300867
*ST绿康,养殖业,002868
伊之密,专用设备,300415
华侨城Ａ,旅游及酒店,000069
融捷健康,小家电,300247
华联控股,房地产,000036
圣达生物,化学制品,603079
神奇制药,化学制药,600613
杭可科技,电池,688006
华宇软件,软件开发,300271
尤安设计,建筑装饰,300983
可靠股份,美容护理,301009
环球印务,包装印刷,002799
海看股份,文化传媒,301262
威迈斯,汽车零部件,688612
艾德生物,医疗器械,300685
宏盛股份,通用设备,603090
春立医疗,医疗器械,688236
亿联网络,通信设备,300628
长联科技,化学制品,301618
新北洋,计算机设备,002376
新炬网络,IT服务,605398
电子城,房地产,600658
西高院,其他社会服务,688334
金海通,半导体,603061
生益科技,元件,600183
正海生物,医疗器械,300653
申联生物,养殖业,688098
亚宝药业,中药,600351
垒知集团,建筑材料,002398
德福科技,电池,301511
蓝宇股份,化学制品,301585
新余国科,军工装备,300722
福然德,物流,605050
光大证券,证券,601788
*ST金科,房地产,000656
金桥信息,IT服务,603918
航天彩虹,军工装备,002389
信科移动-U,通信设备,688387
圣诺生物,化学制药,688117
德昌股份,小家电,605555
天保基建,房地产,000965
ST名家汇,建筑装饰,300506
双元科技,自动化设备,688623
ST中珠,医疗服务,600568
泰福泵业,通用设备,300992
协创数据,计算机设备,300857
数字政通,软件开发,300075
绿能慧充,其他电源设备,600212
海锅股份,专用设备,301063
创维数字,黑色家电,000810
安阳钢铁,钢铁,600569
中天服务,房地产,002188
锐科激光,自动化设备,300747
海南高速,公路铁路运输,000886
南卫股份,医疗器械,603880
美格智能,通信设备,002881
新力金融,多元金融,600318
建龙微纳,化学制品,688357
福莱蒽特,化学制品,605566
伊戈尔,其他电子,002922
成都路桥,建筑装饰,002628
山西证券,证券,002500
青龙管业,建筑材料,002457
东华软件,IT服务,002065
华森制药,中药,002907
华阳集团,汽车零部件,002906
风华高科,元件,000636
先河环保,环保设备,300137
黄山胶囊,医疗器械,002817
唐人神,农产品加工,002567
东华科技,建筑装饰,002140
雪祺电气,白色家电,001387
慈文传媒,影视院线,002343
君亭酒店,旅游及酒店,301073
博实股份,自动化设备,002698
津滨发展,房地产,000897
*ST大晟,游戏,600892
倍轻松,小家电,688793
盛通股份,包装印刷,002599
万胜智能,电网设备,300882
宝馨科技,通用设备,002514
掌阅科技,文化传媒,603533
天正电气,电网设备,605066
三雄极光,光学光电子,300625
*ST交投,建筑装饰,002200
东方财富,证券,300059
怡球资源,工业金属,601388
智度股份,文化传媒,000676
巨星科技,通用设备,002444
德生科技,IT服务,002908
江苏国泰,贸易,002091
中岩大地,建筑装饰,003001
长白山,旅游及酒店,603099
潮宏基,服装家纺,002345
艾力斯,化学制药,688578
丝路视觉,软件开发,300556
恒生电子,软件开发,600570
恒玄科技,半导体,688608
华伍股份,专用设备,300095
华培动力,汽车零部件,603121
阿尔特,汽车服务及其他,300825
中孚信息,计算机设备,300659
爱旭股份,光伏设备,600732
成飞集成,汽车零部件,002190
郴电国际,电力,600969
昂利康,化学制药,002940
诺禾致源,医疗服务,688315
百奥泰,生物制品,688177
泰禾股份,农化制品,301665
建科智能,专用设备,300823
合力科技,汽车零部件,603917
万达信息,IT服务,300168
埃斯顿,自动化设备,002747
*ST三圣,化学制药,002742
蔚蓝生物,化学制品,603739
振邦智能,白色家电,003028
瑞普生物,养殖业,300119
圣农发展,养殖业,002299
康冠科技,光学光电子,001308
万里马,服装家纺,300591
金冠股份,电网设备,300510
众业达,电网设备,002441
启明信息,IT服务,002232
旗滨集团,建筑材料,601636
大连热电,电力,600719
顺威股份,白色家电,002676
浩物股份,汽车服务及其他,000757
*ST美谷,美容护理,000615
雅本化学,农化制品,300261
同益中,化学纤维,688722
利德曼,医疗器械,300289
爱迪特,医疗器械,301580
紫光国微,半导体,002049
云南城投,零售,600239
依米康,计算机设备,300249
测绘股份,建筑装饰,300826
海汽集团,公路铁路运输,603069
广大特材,风电设备,688186
先锋电子,通用设备,002767
网达软件,软件开发,603189
格科微,半导体,688728
林海股份,汽车服务及其他,600099
永臻股份,光伏设备,603381
龙软科技,软件开发,688078
华纬科技,汽车零部件,001380
中国铝业,工业金属,601600
长春一东,汽车零部件,600148
冠龙节能,通用设备,301151
雅克科技,半导体,002409
大西洋,通用设备,600558
凯旺科技,消费电子,301182
久日新材,化学制品,688199
ST嘉澳,化学制品,603822
太平鸟,服装家纺,603877
新兴铸管,钢铁,000778
上海亚虹,专用设备,603159
恒实科技,通信服务,300513
佳士科技,通用设备,300193
楚江新材,工业金属,002171
邦彦技术,军工电子,688132
电科芯片,半导体,600877
梅轮电梯,专用设备,603321
国信证券,证券,002736
利欧股份,通用设备,002131
大明电子,汽车零部件,603376
森霸传感,光学光电子,300701
万安科技,汽车零部件,002590
南 京 港,港口航运,002040
中兵红箭,军工装备,000519
密尔克卫,物流,603713
金徽股份,工业金属,603132
凤凰航运,港口航运,000520
联动科技,半导体,301369
福星股份,房地产,000926
新光药业,中药,300519
澳华内镜,医疗器械,688212
津膜科技,塑料制品,300334
芭田股份,农化制品,002170
三七互娱,游戏,002555
中银证券,证券,601696
有研硅,半导体,688432
亚翔集成,建筑装饰,603929
东方锆业,小金属,002167
中远通,其他电源设备,301516
南威软件,IT服务,603636
光力科技,专用设备,300480
天晟新材,化学制品,300169
玉马科技,家居用品,300993
康泰医学,医疗器械,300869
希荻微,半导体,688173
河钢资源,钢铁,000923
中国海诚,建筑装饰,002116
民生健康,化学制药,301507
利群股份,零售,601366
博瑞传播,软件开发,600880
生物股份,养殖业,600201
安邦护卫,其他社会服务,603373
龙溪股份,通用设备,600592
合百集团,零售,000417
绿通科技,汽车服务及其他,301322
高德红外,军工电子,002414
日辰股份,食品加工制造,603755
ST朗源,农产品加工,300175
中微公司,半导体,688012
恒丰纸业,造纸,600356
华泰证券,证券,601688
川网传媒,文化传媒,300987
天鹅股份,专用设备,603029
保利联合,化学制品,002037
昊创瑞通,电网设备,301668
渤海汽车,汽车零部件,600960
诚达药业,医疗服务,301201
杭齿前进,通用设备,601177
工大高科,轨交设备,688367
智云股份,自动化设备,300097
楚天高速,公路铁路运输,600035
能科科技,IT服务,603859
京基智农,养殖业,000048
光大嘉宝,房地产,600622
科华生物,医疗器械,002022
东信和平,通信设备,002017
中农联合,农化制品,003042
汉朔科技,其他电子,301275
汉桑科技,消费电子,301491
天秦装备,军工装备,300922
惠泰医疗,医疗器械,688617
隆利科技,光学光电子,300752
豪恩汽电,汽车零部件,301488
立昂技术,通信服务,300603
迪阿股份,服装家纺,301177
泰禾智能,专用设备,603656
中航光电,军工电子,002179
金鹰重工,轨交设备,301048
易瑞生物,医疗器械,300942
富满微,半导体,300671
杭州柯林,电网设备,688611
光庭信息,软件开发,301221
东方中科,通用设备,002819
海兰信,军工装备,300065
永安药业,化学制药,002365
大博医疗,医疗器械,002901
南大环境,环境治理,300864
赢合科技,电池,300457
三峡新材,建筑材料,600293
如通股份,专用设备,603036
迪安诊断,医疗服务,300244
金迪克,生物制品,688670
和达科技,软件开发,688296
瑞立科密,汽车零部件,001285
中科信息,IT服务,300678
罗曼股份,建筑装饰,605289
湘财股份,证券,600095
捷昌驱动,自动化设备,603583
星环科技-U,软件开发,688031
曲江文旅,旅游及酒店,600706
瑞凌股份,通用设备,300154
遥望科技,文化传媒,002291
长光华芯,半导体,688048
大洋电机,电机,002249
ST天圣,化学制药,002872
佳隆股份,食品加工制造,002495
山河智能,工程机械,002097
苏州固锝,光伏设备,002079
冀东装备,专用设备,000856
北自科技,通用设备,603082
威海广泰,军工装备,002111
瑞鹄模具,汽车零部件,002997
吉大通信,通信服务,300597
睿昂基因,医疗器械,688217
亚盛集团,种植业与林业,600108
汇金通,电网设备,603577
三羊马,物流,001317
艾隆科技,自动化设备,688329
优宁维,生物制品,301166
药易购,医药商业,300937
安控科技,通用设备,300370
南山控股,房地产,002314
信捷电气,自动化设备,603416
强邦新材,包装印刷,001279
江淮汽车,汽车整车,600418
福元医药,化学制药,601089
蒙草生态,环境治理,300355
凯立新材,化学制品,688269
康拓医疗,医疗器械,688314
传音控股,消费电子,688036
久立特材,钢铁,002318
威马农机,专用设备,301533
ST复华,化学制药,600624
西藏天路,建筑材料,600326
润欣科技,其他电子,300493
比亚迪,汽车整车,002594
欣天科技,通信设备,300615
研奥股份,轨交设备,300923
天域生物,养殖业,603717
中大力德,通用设备,002896
保变电气,电网设备,600550
供销大集,零售,000564
昱能科技,光伏设备,688348
安集科技,电子化学品,688019
星辉环材,塑料制品,300834
内蒙新华,文化传媒,603230
七 匹 狼,服装家纺,002029
隧道股份,建筑装饰,600820
普天科技,通信服务,002544
源飞宠物,家居用品,001222
航天信息,IT服务,600271
川发龙蟒,农化制品,002312
海德股份,多元金融,000567
东贝集团,白色家电,601956
贝仕达克,消费电子,300822
鹏鹞环保,环境治理,300664
三房巷,化学纤维,600370
得邦照明,光学光电子,603303
国机精工,通用设备,002046
丛麟科技,环境治理,688370
天健集团,房地产,000090
嘉环科技,通信服务,603206
联环药业,化学制药,600513
祥和实业,轨交设备,603500
华林证券,证券,002945
广济药业,化学制药,000952
新城控股,房地产,601155
奥特佳,汽车零部件,002239
北斗星通,军工电子,002151
震安科技,橡胶制品,300767
恒坤新材,半导体,688727
长春高新,生物制品,000661
ST联创,化学制品,300343
腾达科技,通用设备,001379
骆驼股份,电池,601311
森赫股份,专用设备,301056
海欣股份,化学制药,600851
中际联合,工程机械,605305
富春染织,纺织制造,605189
麒麟信安,软件开发,688152
天德钰,半导体,688252
中达安,建筑装饰,300635
信通电子,电网设备,001388
西安饮食,旅游及酒店,000721
光弘科技,消费电子,300735
永利股份,塑料制品,300230
凯恩股份,造纸,002012
泉峰汽车,汽车零部件,603982
酒钢宏兴,钢铁,600307
未来电器,电网设备,301386
明牌珠宝,服装家纺,002574
联合化学,化学制品,301209
吉视传媒,文化传媒,601929
至纯科技,半导体,603690
格力博,专用设备,301260
京华激光,包装印刷,603607
豪江智能,自动化设备,301320
英杰电气,其他电源设备,300820
永和股份,化学制品,605020
三德科技,通用设备,300515
大千生态,建筑装饰,603955
天力锂能,电池,301152
经纬股份,建筑装饰,301390
德联集团,化学制品,002666
新天药业,中药,002873
ST汇洲,通用设备,002122
好利科技,其他电子,002729
滨海能源,电池,000695
安奈儿,服装家纺,002875
浔兴股份,纺织制造,002098
绿田机械,专用设备,605259
奇德新材,塑料制品,300995
欧克科技,自动化设备,001223
国投智能,软件开发,300188
美畅股份,通用设备,300861
莎普爱思,化学制药,603168
北新建材,建筑材料,000786
华新精科,电机,603370
海翔药业,化学制药,002099
天智航-U,医疗器械,688277
科大智能,电网设备,300222
物产金轮,专用设备,002722
通业科技,轨交设备,300960
深信服,软件开发,300454
徐工机械,工程机械,000425
京源环保,环境治理,688096
港迪技术,自动化设备,301633
南宁百货,零售,600712
绿茵生态,环境治理,002887
温州宏丰,电网设备,300283
兴业科技,纺织制造,002674
紫燕食品,食品加工制造,603057
集泰股份,化学制品,002909
超捷股份,汽车零部件,301005
华大基因,医疗服务,300676
大洋生物,化学原料,003017
华星创业,通信服务,300025
锦龙股份,证券,000712
潍柴重机,通用设备,000880
普蕊斯,医疗服务,301257
泰尔股份,通用设备,002347
黄山谷捷,汽车零部件,301581
之江生物,医疗器械,688317
亚太股份,汽车零部件,002284
大华股份,计算机设备,002236
安恒信息,软件开发,688023
大叶股份,专用设备,300879
唯赛勃,塑料制品,688718
显盈科技,消费电子,301067
东方雨虹,建筑材料,002271
诚邦股份,半导体,603316
望变电气,电网设备,603191
星徽股份,互联网电商,300464
开勒股份,通用设备,301070
财信发展,房地产,000838
北元集团,化学原料,601568
开创电气,通用设备,301448
浙海德曼,通用设备,688577
冀凯股份,专用设备,002691
德艺文创,家居用品,300640
川仪股份,通用设备,603100
古汉医药,中药,000590
百通能源,电力,001376
*ST高斯,黑色家电,002848
*ST和科,专用设备,002816
蓝海华腾,自动化设备,300484
华丽家族,房地产,600503
动力源,其他电源设备,600405
英 力 特,化学原料,000635
京北方,软件开发,002987
弘业期货,多元金融,001236
顺络电子,元件,002138
精艺股份,工业金属,002295
晶华微,半导体,688130
四川九洲,黑色家电,000801
南方航空,机场航运,600029
山东矿机,专用设备,002526
菱电电控,汽车零部件,688667
荣旗科技,自动化设备,301360
中体产业,其他社会服务,600158
东风科技,汽车零部件,600081
博彦科技,IT服务,002649
双枪科技,家居用品,001211
安 纳 达,化学原料,002136
中芯国际,半导体,688981
金三江,美容护理,301059
小崧股份,光学光电子,002723
恩威医药,中药,301331
瑞德智能,白色家电,301135
阳光电源,光伏设备,300274
东利机械,汽车零部件,301298
和辉光电-U,光学光电子,688538
弘元绿能,光伏设备,603185
麦格米特,其他电源设备,002851
南方路机,工程机械,603280
联创电子,光学光电子,002036
跨境通,互联网电商,002640
广田集团,建筑装饰,002482
赫美集团,零售,002356
优德精密,专用设备,300549
科达利,电池,002850
汉王科技,软件开发,002362
北方股份,专用设备,600262
国芳集团,零售,601086
森泰股份,建筑材料,301429
斯瑞新材,金属新材料,688102
南王科技,包装印刷,301355
ST炼石,军工装备,000697
中 关 村,化学制药,000931
黑芝麻,食品加工制造,000716
软控股份,专用设备,002073
北玻股份,建筑材料,002613
东方精工,专用设备,002611
中信出版,文化传媒,300788
万里股份,电池,600847
新洁能,半导体,605111
利柏特,建筑装饰,605167
金海高科,白色家电,603311
世纪华通,游戏,002602
华秦科技,军工装备,688281
永泰运,物流,001228
双一科技,风电设备,300690
浙矿股份,专用设备,300837
镇海股份,建筑装饰,603637
山推股份,工程机械,000680
申科股份,通用设备,002633
盈新发展,房地产,000620
五矿新能,电池,688779
东诚药业,化学制药,002675
天津普林,元件,002134
汉钟精机,通用设备,002158
实丰文化,家居用品,002862
孚能科技,电池,688567
云南旅游,旅游及酒店,002059
金辰股份,光伏设备,603396
观想科技,军工电子,301213
兔 宝 宝,建筑材料,002043
华阳新材,小金属,600281
国瓷材料,电子化学品,300285
和顺电气,电网设备,300141
康芝药业,化学制药,300086
鸥玛软件,软件开发,301185
交大思诺,轨交设备,300851
亚光股份,环保设备,603282
联合水务,环境治理,603291
视觉中国,文化传媒,000681
万  科Ａ,房地产,000002
科泰电源,其他电源设备,300153
艾迪精密,工程机械,603638
宏润建设,建筑装饰,002062
聚力文化,建筑材料,002247
正元智慧,计算机设备,300645
巨轮智能,专用设备,002031
辰奕智能,黑色家电,301578
金地集团,房地产,600383
振德医疗,医疗器械,603301
中鼎股份,汽车零部件,000887
四创电子,军工电子,600990
高争民爆,化学制品,002827
柯力传感,通用设备,603662
云天励飞-U,IT服务,688343
申昊科技,自动化设备,300853
秦川机床,通用设备,000837
日月明,轨交设备,300906
泰鸿万立,汽车零部件,603210
坚朗五金,建筑材料,002791
同益股份,塑料制品,300538
米奥会展,其他社会服务,300795
智明达,军工电子,688636
诺邦股份,纺织制造,603238
聚胶股份,化学制品,301283
国轩高科,电池,002074
力生制药,化学制药,002393
新兴装备,军工装备,002933
蓝帆医疗,医疗器械,002382
正帆科技,专用设备,688596
天山铝业,工业金属,002532
奥锐特,化学制药,605116
西部矿业,工业金属,601168
石基信息,软件开发,002153
出版传媒,文化传媒,601999
华新科技,环境治理,301265
超图软件,软件开发,300036
英方软件,软件开发,688435
司南导航,通信设备,688592
趣睡科技,家居用品,301336
黑猫股份,橡胶制品,002068
宏达电子,军工电子,300726
建业股份,化学制品,603948
科隆股份,化学制品,300405
友车科技,软件开发,688479
恒锋信息,软件开发,300605
激智科技,光学光电子,300566
捷邦科技,消费电子,301326
莱绅通灵,服装家纺,603900
宝胜股份,电网设备,600973
华菱精工,专用设备,603356
龙佰集团,化学原料,002601
掌趣科技,游戏,300315
奥雅股份,建筑装饰,300949
深中华A,服装家纺,000017
中海达,军工电子,300177
美芯晟,半导体,688458
福斯达,专用设备,603173
西点药业,化学制药,301130
花园生物,化学制药,300401
豆神教育,教育,300010
东华测试,通用设备,300354
富祥药业,化学制药,300497
司太立,化学制药,603520
华曙高科,通用设备,688433
盈建科,软件开发,300935
华信新材,塑料制品,300717
凯撒文化,游戏,002425
传化智联,物流,002010
游族网络,游戏,002174
振华科技,军工电子,000733
中钢国际,建筑装饰,000928
豪威集团,半导体,603501
中国重汽,汽车整车,000951
神州泰岳,游戏,300002
京城股份,通用设备,600860
沪宁股份,专用设备,300669
罗 牛 山,养殖业,000735
京东方Ａ,光学光电子,000725
中国一重,专用设备,601106
尤夫股份,化学纤维,002427
金时科技,其他电源设备,002951
招标股份,建筑装饰,301136
中欣氟材,化学制品,002915
内蒙一机,军工装备,600967
博通集成,半导体,603068
五洋自控,通用设备,300420
中伟新材,电池,300919
中水渔业,养殖业,000798
赛托生物,化学制药,300583
海格通信,军工电子,002465
上声电子,汽车零部件,688533
盛德鑫泰,钢铁,300881
超卓航科,军工装备,688237
北芯生命-U,医疗器械,688712
高凌信息,军工电子,688175
申菱环境,通用设备,301018
凌志软件,软件开发,688588
先进数通,IT服务,300541
华昌达,自动化设备,300278
中马传动,汽车零部件,603767
智能自控,通用设备,002877
振华新材,电池,688707
朗姿股份,服装家纺,002612
敏芯股份,半导体,688286
金钟股份,汽车零部件,301133
万兴科技,软件开发,300624
沃特股份,塑料制品,002886
国安股份,通信服务,000839
中路股份,汽车服务及其他,600818
新晨科技,软件开发,300542
芯联集成-U,半导体,688469
凯撒旅业,旅游及酒店,000796
华建集团,建筑装饰,600629
经纬恒润-W,软件开发,688326
佳讯飞鸿,通信设备,300213
ST达华,计算机设备,002512
东方电缆,电网设备,603606
数据港,通信服务,603881
万通智控,汽车零部件,300643
华鹏飞,物流,300350
龙迅股份,半导体,688486
黔源电力,电力,002039
ST开元,教育,300338
桂林旅游,旅游及酒店,000978
安必平,医疗器械,688393
日上集团,汽车零部件,002593
西王食品,食品加工制造,000639
克来机电,自动化设备,603960
三钢闽光,钢铁,002110
五洲医疗,医疗器械,301234
惠城环保,环境治理,300779
中能电气,电网设备,300062
思进智能,通用设备,003025
玉禾田,环境治理,300815
永新股份,包装印刷,002014
赛腾股份,自动化设备,603283
润达医疗,医药商业,603108
衢州东峰,包装印刷,601515
乖宝宠物,农产品加工,301498
芯动联科,半导体,688582
海能达,通信设备,002583
飞马国际,环境治理,002210
航天软件,软件开发,688562
浩洋股份,专用设备,300833
天桥起重,专用设备,002523
科伦药业,化学制药,002422
同洲电子,其他电源设备,002052
银宝山新,专用设备,002786
广东宏大,化学制品,002683
珠海中富,包装印刷,000659
亚普股份,汽车零部件,603013
北方长龙,军工装备,301357
中天火箭,军工装备,003009
拓山重工,工程机械,001226
康恩贝,中药,600572
鼎熔岩,通用设备,301028
博晖创新,生物制品,300318
江南化工,化学制品,002226
云铝股份,工业金属,000807
南华仪器,通用设备,300417
太钢不锈,钢铁,000825
福达股份,汽车零部件,603166
信立泰,化学制药,002294
张小泉,家居用品,301055
盛航股份,港口航运,001205
迪哲医药-U,化学制药,688192
透景生命,医疗器械,300642
新点软件,软件开发,688232
超研股份,医疗器械,301602
苏州科达,计算机设备,603660
汤姆猫,游戏,300459
金杯汽车,汽车零部件,600609
世纪恒通,通信服务,301428
准油股份,油气开采及服务,002207
多伦科技,软件开发,603528
山鹰国际,造纸,600567
捷捷微电,半导体,300623
洛凯股份,电网设备,603829
金发科技,塑料制品,600143
科力尔,电机,002892
协昌科技,自动化设备,301418
吉大正元,软件开发,003029
中邮科技,通用设备,688648
汇隆新材,化学纤维,301057
日出东方,厨卫电器,603366
石大胜华,电池,603026
沪农商行,银行,601825
中富通,通信服务,300560
金博股份,光伏设备,688598
晨化股份,化学制品,300610
钒钛股份,钢铁,000629
双欣材料,化学纤维,001369
骄成超声,电池,688392
神通科技,汽车零部件,605228
皖维高新,化学纤维,600063
宗申动力,通用设备,001696
华菱钢铁,钢铁,000932
江盐集团,化学原料,601065
百利科技,电池,603959
永新光学,光学光电子,603297
万控智造,电网设备,603070
华兰疫苗,生物制品,301207
时创能源,光伏设备,688429
东南电子,其他电子,301359
扬州金泉,服装家纺,603307
立方制药,化学制药,003020
欣锐科技,汽车零部件,300745
特一药业,中药,002728
安靠智电,电网设备,300617
洪田股份,专用设备,603800
精工科技,专用设备,002006
嘉益股份,家居用品,301004
万马科技,通信设备,300698
西菱动力,汽车零部件,300733
联明股份,汽车零部件,603006
珂玛科技,半导体,301611
神州数码,IT服务,000034
天和防务,军工电子,300397
浙江美大,厨卫电器,002677
龙净环保,环保设备,600388
恒银科技,计算机设备,603106
农尚环境,建筑装饰,300536
汉邦高科,计算机设备,300449
华业香料,美容护理,300886
中持股份,环境治理,603903
微光股份,电机,002801
新开普,IT服务,300248
三花智控,白色家电,002050
裕同科技,包装印刷,002831
睿创微纳,军工电子,688002
井松智能,通用设备,688251
天源迪科,软件开发,300047
宁波东力,通用设备,002164
金风科技,风电设备,002202
概伦电子,软件开发,688206
三维化学,化学原料,002469
平安电工,非金属材料,001359
北信源,软件开发,300352
东风股份,汽车整车,600006
华立科技,家居用品,301011
绿联科技,消费电子,301606
秦川物联,通用设备,688528
中信金属,贸易,601061
大元泵业,通用设备,603757
日丰股份,电网设备,002953
翠微股份,多元金融,603123
宣泰医药,化学制药,688247
精华制药,中药,002349
久祺股份,汽车服务及其他,300994
粤宏远Ａ,房地产,000573
*ST四环,生物制品,000518
百达精工,通用设备,603331
莫高股份,饮料制造,600543
福龙马,环境治理,603686
东土科技,通信设备,300353
雷柏科技,计算机设备,002577
永安行,汽车服务及其他,603776
宝色股份,通用设备,300402
普莱得,通用设备,301353
天创时尚,服装家纺,603608
德马科技,通用设备,688360
美硕科技,电网设备,301295
荣信文化,文化传媒,301231
中远海能,港口航运,600026
农心科技,农化制品,001231
双象股份,塑料制品,002395
山东威达,通用设备,002026
中百集团,零售,000759
登云股份,汽车零部件,002715
万里石,建筑材料,002785
东箭科技,汽车零部件,300978
禾川科技,自动化设备,688320
虹软科技,IT服务,688088
东阳光,综合,600673
兰卫医学,医疗服务,301060
亚太科技,工业金属,002540
竞业达,IT服务,003005
科林电气,电网设备,603050
ST长园,电网设备,600525
合锻智能,专用设备,603011
鲍斯股份,通用设备,300441
TCL科技,光学光电子,000100
电科网安,计算机设备,002268
屹唐股份,半导体,688729
凯众股份,汽车零部件,603037
中控技术,自动化设备,688777
工大科雅,通用设备,301197
天利科技,IT服务,300399
哈焊华通,通用设备,301137
汉得信息,IT服务,300170
雅化集团,化学制品,002497
金橙子,软件开发,688291
朝阳科技,消费电子,002981
雷迪克,汽车零部件,300652
ST福能,电池,300173
向日葵,化学制药,300111
*ST八钢,钢铁,600581
神马股份,化学纤维,600810
晨光生物,农产品加工,300138
炜冈科技,专用设备,001256
汉邦科技,专用设备,688755
万隆光电,通信设备,300710
ST加加,食品加工制造,002650
龙旗科技,消费电子,603341
神工股份,半导体,688233
博迁新材,能源金属,605376
兴福电子,电子化学品,688545
*ST亚太,化学原料,000691
迪贝电气,电机,603320
依依股份,美容护理,001206
航天晨光,专用设备,600501
联创光电,消费电子,600363
歌尔股份,消费电子,002241
北方导航,军工装备,600435
惠威科技,消费电子,002888
华茂股份,纺织制造,000850
四方股份,电网设备,601126
亚虹医药-U,化学制药,688176
泰嘉股份,通用设备,002843
因赛集团,文化传媒,300781
中钢洛耐,建筑材料,688119
迈赫股份,自动化设备,301199
海马汽车,汽车整车,000572
湘佳股份,养殖业,002982
南山铝业,工业金属,600219
伟思医疗,医疗器械,688580
盛邦安全,软件开发,688651
国林科技,环保设备,300786
大东方,医疗服务,600327
深天马Ａ,光学光电子,000050
开尔新材,建筑材料,300234
海伦钢琴,家居用品,300329
烽火电子,军工装备,000561
新疆众和,工业金属,600888
爱朋医疗,医疗器械,300753
谱尼测试,其他社会服务,300887
ST八菱,汽车零部件,002592
芯源微,半导体,688037
三旺通信,通信设备,688618
英洛华,金属新材料,000795
中光学,军工电子,002189
ST远智,专用设备,002689
第一创业,证券,002797
腾亚精工,通用设备,301125
茂莱光学,光学光电子,688502
格灵深瞳,IT服务,688207
华纳药厂,化学制药,688799
赞宇科技,化学制品,002637
广和通,通信设备,300638
浙江自然,家居用品,605080
科德数控,通用设备,688305
挖金客,通信服务,301380
钜泉科技,半导体,688391
恒运昌,半导体,688785
福建水泥,建筑材料,600802
华映科技,光学光电子,000536
中天科技,通信设备,600522
建设机械,工程机械,600984
蠡湖股份,汽车零部件,300694
三星新材,白色家电,603578
ST创意,软件开发,300366
世荣兆业,房地产,002016
新雷能,其他电源设备,300593
安达维尔,军工装备,300719
毅昌科技,汽车零部件,002420
锦盛新材,美容护理,300849
尚纬股份,电网设备,603333
卧龙电驱,电机,600580
新宏泰,电网设备,603016
拉卡拉,多元金融,300773
怡合达,自动化设备,301029
福莱新材,塑料制品,605488
亚钾国际,农化制品,000893
青鸟智控,专用设备,002960
七彩化学,化学制品,300758
浙江黎明,汽车零部件,603048
山石网科,软件开发,688030
欣旺达,电池,300207
康斯特,通用设备,300445
维信诺,光学光电子,002387
昌红科技,专用设备,300151
华东数控,通用设备,002248
智慧农业,工业金属,000816
电科蓝天,军工装备,688818
联德股份,通用设备,605060
安徽合力,工程机械,600761
安图生物,医疗器械,603658
诚益通,自动化设备,300430
金财互联,通用设备,002530
鼎胜新材,工业金属,603876
沈阳机床,通用设备,000410
海特高新,军工装备,002023
通灵股份,光伏设备,301168
中亚股份,专用设备,300512
香山股份,汽车零部件,002870
三晖电气,电网设备,002857
九安医疗,医疗器械,002432
正弦电气,自动化设备,688395
北纬科技,通信服务,002148
松井股份,化学制品,688157
港通医疗,医疗器械,301515
ST帕瓦,电池,688184
海优新材,光伏设备,688680
天键股份,消费电子,301383
科陆电子,电网设备,002121
创耀科技,半导体,688259
兄弟科技,化学制品,002562
埃夫特-U,自动化设备,688165
威唐工业,汽车零部件,300707
康鹏科技,化学制品,688602
中毅达,化学原料,600610
科锐国际,其他社会服务,300662
明泰铝业,工业金属,601677
烽火通信,通信设备,600498
安通控股,港口航运,600179
天阳科技,IT服务,300872
联科科技,橡胶制品,001207
华塑控股,光学光电子,000509
天奈科技,电池,688116
柘中股份,电网设备,002346
苏博特,化学制品,603916
泰格医药,医疗服务,300347
通用电梯,专用设备,300931
梅安森,专用设备,300275
曼恩斯特,电池,301325
长荣股份,专用设备,300195
澜起科技,半导体,688008
宁波精达,通用设备,603088
博睿数据,IT服务,688229
生益电子,元件,688183
重庆路桥,公路铁路运输,600106
中集集团,通用设备,000039
国科军工,军工装备,688543
地纬智能,软件开发,688579
固德电材,汽车零部件,301680
亿帆医药,化学制药,002019
中电鑫龙,电网设备,002298
华平股份,软件开发,300074
华测导航,通信设备,300627
亚星化学,化学原料,600319
新化股份,化学制品,603867
宏达高科,纺织制造,002144
天臣医疗,医疗器械,688013
多瑞医药,化学制药,301075
森麒麟,汽车零部件,002984
中辰股份,电网设备,300933
力合科技,环保设备,300800
艾华集团,元件,603989
国风新材,塑料制品,000859
双环传动,汽车零部件,002472
奥赛康,化学制药,002755
通鼎互联,通信设备,002491
中仑新材,塑料制品,301565
银龙股份,通用设备,603969
*ST艾艾,塑料制品,603580
乐凯胶片,塑料制品,600135
信音电子,消费电子,301329
楚天龙,通信设备,003040
幸福蓝海,影视院线,300528
中电电机,电机,603988
云南铜业,工业金属,000878
永信至诚,软件开发,688244
安乃达,电机,603350
祥生医疗,医疗器械,688358
长盛轴承,通用设备,300718
川能动力,电力,000155
福蓉科技,消费电子,603327
哈投股份,证券,600864
思看科技,通用设备,688583
天振股份,家居用品,301356
瑞松科技,自动化设备,688090
神宇股份,通信设备,300563
汇得科技,化学制品,603192
华神科技,中药,000790
利源股份,工业金属,002501
华瓷股份,家居用品,001216
富乐德,半导体,301297
本立科技,化学制药,301065
国星光电,光学光电子,002449
荣盛发展,房地产,002146
湘邮科技,IT服务,600476
海南机场,机场航运,600515
财富趋势,软件开发,688318
宏明电子,军工电子,301682
合金投资,金属新材料,000633
亚联发展,通信服务,002316
ST路通,通信设备,300555
冰山冷热,通用设备,000530
方正电机,电机,002196
汉宇集团,白色家电,300403
今创集团,轨交设备,603680
博俊科技,汽车零部件,300926
长青股份,农化制品,002391
仟源医药,化学制药,300254
世联行,房地产,002285
顺博合金,工业金属,002996
科华控股,汽车零部件,603161
翰宇药业,化学制药,300199
壶化股份,化学制品,003002
雷电微力,军工电子,301050
长城军工,军工装备,601606
达 意 隆,专用设备,002209
中成股份,贸易,000151
航天科技,汽车零部件,000901
钛能化学,化学原料,002145
元琛科技,化学制品,688659
星星科技,消费电子,300256
三联虹普,建筑装饰,300384
国安达,专用设备,300902
漳州发展,综合,000753
菲沃泰,电子化学品,688371
汇通能源,零售,600605
湘潭电化,电池,002125
宝鼎科技,元件,002552
昊华科技,化学制品,600378
新易盛,通信设备,300502
长江投资,物流,600119
起帆电缆,电网设备,605222
博济医药,医疗服务,300404
奕帆传动,电机,301023
新国都,计算机设备,300130
中捷资源,专用设备,002021
东方日升,光伏设备,300118
科瑞思,通信设备,301314
有研粉材,金属新材料,688456
光华股份,塑料制品,001333
瑞泰新材,电池,301238
芯导科技,半导体,688230
国光电器,消费电子,002045
野马电池,电池,605378
今飞凯达,汽车零部件,002863
会通股份,塑料制品,688219
易点天下,文化传媒,301171
超讯通信,IT服务,603322
康希通信,半导体,688653
淳中科技,计算机设备,603516
柏楚电子,自动化设备,688188
唐源电气,计算机设备,300789
汇川技术,自动化设备,300124
威力传动,风电设备,300904
春晖智控,通用设备,300943
麒盛科技,家居用品,603610
协和电子,元件,605258
中富电路,元件,300814
果麦文化,文化传媒,301052
智飞生物,生物制品,300122
海川智能,通用设备,300720
亚华电子,软件开发,301337
诺思格,医疗服务,301333
普邦股份,建筑装饰,002663
北京文化,影视院线,000802
九洲药业,医疗服务,603456
佳力奇,军工装备,301586
山大电力,电网设备,301609
南矿集团,专用设备,001360
百克生物,生物制品,688276
昆仑万维,游戏,300418
康华生物,生物制品,300841
珠江钢琴,家居用品,002678
佳禾智能,消费电子,300793
裕太微-U,半导体,688515
东方通信,通信设备,600776
ST纳川,建筑材料,300198
鸿远电子,军工电子,603267
三佳科技,专用设备,600520
跃岭股份,汽车零部件,002725
泓博医药,医疗服务,301230
宏英智能,自动化设备,001266
赛升药业,生物制品,300485
四方达,通用设备,300179
祥明智能,通用设备,301226
元道通信,通信服务,301139
奥康国际,服装家纺,603001
新铝时代,汽车零部件,301613
金马游乐,专用设备,300756
新迅达,互联网电商,300518
节能铁汉,环境治理,300197
哈三联,化学制药,002900
高华科技,通用设备,688539
国光电气,军工电子,688776
珠城科技,白色家电,301280
蓝思科技,消费电子,300433
爱建集团,多元金融,600643
新天地,化学制药,301277
东百集团,零售,600693
三人行,文化传媒,605168
久之洋,其他电子,300516
厦门信达,贸易,000701
安利股份,塑料制品,300218
新农股份,农化制品,002942
云赛智联,软件开发,600602
捷荣技术,消费电子,002855
中创股份,软件开发,688695
*ST清研,环保设备,301288
琏升科技,光伏设备,300051
博思软件,软件开发,300525
商络电子,其他电子,300975
我武生物,生物制品,300357
健信超导,医疗器械,688805
厦门国贸,物流,600755
桂冠电力,电力,600236
鼎捷数智,软件开发,300378
新宏泽,包装印刷,002836
明微电子,半导体,688699
浙江众成,塑料制品,002522
金奥博,化学制品,002917
长阳科技,光学光电子,688299
康力源,家居用品,301287
茂硕电源,消费电子,002660
首钢股份,钢铁,000959
首开股份,房地产,600376
联域股份,光学光电子,001326
泓淋电力,电网设备,301439
中创环保,环保设备,300056
智动力,消费电子,300686
亚信安全,软件开发,688225
江顺科技,专用设备,001400
长电科技,半导体,600584
微芯生物,化学制药,688321
智迪科技,计算机设备,301503
金陵饭店,旅游及酒店,601007
中广核技,化学制品,000881
中国国航,机场航运,601111
凯迪股份,自动化设备,605288
南山智尚,纺织制造,300918
盟固利,电池,301487
中亦科技,IT服务,301208
福昕软件,软件开发,688095
国科微,半导体,300672
云汉芯城,其他电子,301563
豪能股份,汽车零部件,603809
冠中生态,环境治理,300948
新致软件,软件开发,688590
富奥股份,汽车零部件,000030
凯美特气,环境治理,002549
高新兴,通信设备,300098
鸿博股份,IT服务,002229
双鹭药业,化学制药,002038
创新医疗,医疗服务,002173
宏鑫科技,汽车零部件,301539
欧菲光,光学光电子,002456
博众精工,自动化设备,688097
美腾科技,专用设备,688420
西典新能,电网设备,603312
宏桥控股,工业金属,002379
郑中设计,建筑装饰,002811
招商轮船,港口航运,601872
科汇股份,电网设备,688681
联化科技,农化制品,002250
新亚强,化学制品,603155
英威腾,自动化设备,002334
国旅联合,文化传媒,600358
*ST佳沃,农产品加工,300268
宝通科技,游戏,300031
金杯电工,电网设备,002533
深华发Ａ,光学光电子,000020
湖北宜化,农化制品,000422
快意电梯,专用设备,002774
科力远,电池,600478
康众医疗,医疗器械,688607
泰坦科技,化学制品,688133
稳健医疗,美容护理,300888
京运通,电力,601908
华力创通,军工电子,300045
摩恩电气,电网设备,002451
江苏有线,文化传媒,600959
三孚新科,电子化学品,688359
广电计量,其他社会服务,002967
三未信安,计算机设备,688489
川宁生物,化学制药,301301
康平科技,电机,300907
徕木股份,汽车零部件,603633
纳尔股份,塑料制品,002825
锐新科技,通用设备,300828
盛洋科技,光学光电子,603703
深科技,消费电子,000021
神思电子,计算机设备,300479
金诚信,工业金属,603979
视涯科技-UW,光学光电子,688781
精达股份,电网设备,600577
飞乐音响,汽车零部件,600651
亿田智能,厨卫电器,300911
航宇微,半导体,300053
每日互动,软件开发,300766
星宇股份,汽车零部件,601799
夏厦精密,通用设备,001306
赛伦生物,生物制品,688163
威胜信息,通信设备,688100
道氏技术,电池,300409
民爆光电,光学光电子,301362
蓝黛科技,汽车零部件,002765
科恒股份,电池,300340
铭科精技,汽车零部件,001319
文峰股份,零售,601010
中触媒,化学制品,688267
北矿科技,专用设备,600980
好上好,其他电子,001298
东软载波,通信设备,300183
中科星图,IT服务,688568
乐通股份,化学制品,002319
成都先导,医疗服务,688222
新恒汇,半导体,301678
维康药业,中药,300878
信濠光电,消费电子,301051
民德电子,其他电子,300656
朗迪集团,白色家电,603726
华能蒙电,电力,600863
润禾材料,化学制品,300727
宇环数控,通用设备,002903
肯特股份,塑料制品,301591
南模生物,医疗服务,688265
皇庭国际,零售,000056
鸣志电器,电机,603728
科捷智能,通用设备,688455
大恒科技,软件开发,600288
紫建电子,电池,301121
伟隆股份,通用设备,002871
凯因科技,生物制品,688687
冠盛股份,汽车零部件,605088
溯联股份,汽车零部件,301397
狮头股份,互联网电商,600539
华瑞股份,电机,300626
铜峰电子,元件,600237
雄帝科技,计算机设备,300546
锦富技术,电池,300128
拓新药业,化学制药,301089
金 融 街,房地产,000402
海安集团,汽车零部件,001233
瑜欣电子,通用设备,301107
南新制药,化学制药,688189
风光股份,化学制品,301100
海辰药业,化学制药,300584
冠捷科技,光学光电子,000727
芳源股份,电池,688148
双飞集团,通用设备,300817
志特新材,建筑材料,300986
睿能科技,其他电子,603933
瑞泰科技,建筑材料,002066
晨曦航空,军工装备,300581
南京聚隆,塑料制品,300644
金岭矿业,钢铁,000655
南都电源,电池,300068
维宏股份,计算机设备,300508
*ST聆达,电力,300125
甘化科工,军工装备,000576
南方泵业,通用设备,300145
津荣天宇,专用设备,300988
洁特生物,医疗器械,688026
英飞特,光学光电子,300582
迈拓股份,通用设备,301006
光洋股份,汽车零部件,002708
达瑞电子,消费电子,300976
爱克股份,光学光电子,300889
雅艺科技,家居用品,301113
豪尔赛,建筑装饰,002963
汇中股份,通用设备,300371
拉普拉斯,光伏设备,688726
新美星,专用设备,300509
乐鑫科技,半导体,688018
辉煌科技,通信设备,002296
征和工业,汽车服务及其他,003033
朗威股份,通信设备,301202
迪森股份,电力,300335
海森药业,化学制药,001367
安硕信息,软件开发,300380
阳光诺和,医疗服务,688621
和而泰,白色家电,002402
法兰泰克,专用设备,603966
尖峰集团,建筑材料,600668
天汽模,汽车零部件,002510
康达新材,化学制品,002669
星云股份,电池,300648
博菲电气,塑料制品,001255
冠昊生物,医疗器械,300238
千红制药,化学制药,002550
中熔电气,其他电子,301031
清水源,环境治理,300437
金现代,软件开发,300830
沧州明珠,塑料制品,002108
上海钢联,软件开发,300226
丰原药业,化学制药,000153
四川长虹,黑色家电,600839
雪天盐业,化学原料,600929
永冠新材,化学制品,603681
金龙羽,电网设备,002882
国盛证券,证券,002670
海特生物,医疗服务,300683
岳阳兴长,石油加工贸易,000819
光电股份,军工装备,600184
洁雅股份,美容护理,301108
聚赛龙,塑料制品,301131
致远新能,通用设备,300985
金正大,农化制品,002470
丰林集团,种植业与林业,601996
上海沪工,通用设备,603131
丰立智能,通用设备,301368
科蓝软件,软件开发,300663
义翘神州,生物制品,301047
孚日股份,纺织制造,002083
盟科药业-U,化学制药,688373
海象新材,家居用品,003011
山东钢铁,钢铁,600022
誉辰智能,电池,688638
坤彩科技,非金属材料,603826
御银股份,零售,002177
海航科技,港口航运,600751
实益达,光学光电子,002137
华天科技,半导体,002185
三丰智能,自动化设备,300276
曼卡龙,服装家纺,300945
远方信息,通用设备,300306
肇民科技,汽车零部件,301000
凯普生物,医疗器械,300639
誉衡药业,化学制药,002437
焦作万方,工业金属,000612
华升股份,纺织制造,600156
八方股份,电机,603489
海得控制,自动化设备,002184
百利天恒,化学制药,688506
安达智能,自动化设备,688125
领益智造,消费电子,002600
实朴检测,其他社会服务,301228
索辰科技,软件开发,688507
中科三环,金属新材料,000970
新劲刚,军工电子,300629
澳弘电子,元件,605058
凯发电气,电网设备,300407
弘讯科技,自动化设备,603015
德尔未来,家居用品,002631
屹通新材,金属新材料,300930
中钨高新,小金属,000657
华锋股份,汽车零部件,002806
珠海冠宇,电池,688772
悦安新材,金属新材料,688786
金圆股份,环境治理,000546
康龙化成,医疗服务,300759
正邦科技,养殖业,002157
普冉股份,半导体,688766
金盾股份,专用设备,300411
三变科技,电网设备,002112
中无人机,军工装备,688297
百花医药,医疗服务,600721
鑫铂股份,工业金属,003038
凤凰光学,光学光电子,600071
中科金财,IT服务,002657
瑞康医药,医药商业,002589
亚泰集团,综合,600881
北化股份,化学制品,002246
新坐标,汽车零部件,603040
崇达技术,元件,002815
永清环保,环境治理,300187
贝瑞基因,医疗服务,000710
神州信息,IT服务,000555
星网宇达,军工装备,002829
维科精密,汽车零部件,301499
王子新材,包装印刷,002735
国茂股份,通用设备,603915
云天化,农化制品,600096
华纺股份,纺织制造,600448
美利信,通信设备,301307
大金重工,风电设备,002487
华工科技,自动化设备,000988
天禄科技,光学光电子,301045
海昌新材,通用设备,300885
慧智微-U,半导体,688512
迈普医学,医疗器械,301033
英诺激光,自动化设备,301021
锦鸡股份,化学制品,300798
睿智医药,医疗服务,300149
亚世光电,光学光电子,002952
先锋精科,半导体,688605
大智慧,软件开发,601519
格林精密,消费电子,300968
展鹏科技,专用设备,603488
蓝丰生化,光伏设备,002513
力合微,半导体,688589
康为世纪,医疗器械,688426
牧原股份,养殖业,002714
华恒生物,化学制品,688639
川金诺,农化制品,300505
新特电气,电网设备,301120
亿利达,通用设备,002686
北陆药业,化学制药,300016
中微半导,半导体,688380
电气风电,风电设备,688660
恒宝股份,通信设备,002104
上峰水泥,建筑材料,000672
璞源材料,服装家纺,603196
金瑞矿业,化学原料,600714
指南针,软件开发,300803
海利生物,医疗器械,603718
翔楼新材,通用设备,301160
江南新材,金属新材料,603124
恒华科技,软件开发,300365
博苑股份,化学制品,301617
沃森生物,生物制品,300142
中科飞测,半导体,688361
和泰机电,专用设备,001225
常铝股份,工业金属,002160
先达股份,农化制品,603086
浙江荣泰,汽车零部件,603119
狄耐克,计算机设备,300884
粤万年青,中药,301111
科安达,轨交设备,002972
ST云动,汽车零部件,000903
派斯林,自动化设备,600215
赛象科技,专用设备,002337
罗普斯金,建筑材料,002333
台基股份,半导体,300046
*ST生物,医疗服务,000504
福达合金,电网设备,603045
长华化学,化学制品,301518
久盛电气,电网设备,301082
火炬电子,军工电子,603678
神剑股份,塑料制品,002361
益方生物-U,化学制药,688382
中电港,其他电子,001287
康泰生物,生物制品,300601
三维天地,软件开发,301159
凯尔达,自动化设备,688255
景兴纸业,造纸,002067
永兴材料,能源金属,002756
迈信林,军工装备,688685
江西铜业,工业金属,600362
*ST天择,影视院线,603721
同星科技,通用设备,301252
科思科技,军工电子,688788
意华股份,通信设备,002897
银之杰,软件开发,300085
嘉麟杰,服装家纺,002486
福能股份,电力,600483
金天钛业,小金属,688750
天地在线,文化传媒,002995
联测科技,专用设备,688113
联发股份,纺织制造,002394
兆丰股份,汽车零部件,300695
盐湖股份,农化制品,000792
天地数码,计算机设备,300743
西测测试,其他社会服务,301306
中国东航,机场航运,600115
盛美上海,半导体,688082
致远互联,软件开发,688369
棕榈股份,建筑装饰,002431
儒竞科技,通用设备,301525
天顺风能,风电设备,002531
新澳股份,纺织制造,603889
闻泰科技,半导体,600745
赣锋锂业,能源金属,002460
博敏电子,元件,603936
力聚热能,专用设备,603391
星源材质,电池,300568
百济神州,化学制药,688235
拓普集团,汽车零部件,601689
鹏翎股份,汽车零部件,300375
瀛通通讯,消费电子,002861
信宇人,电池,688573
舒泰神,化学制药,300204
林平发展,造纸,603284
锐奇股份,通用设备,300126
创益通,其他电子,300991
瑞达期货,多元金融,002961
卓翼科技,消费电子,002369
国博电子,军工电子,688375
北方铜业,工业金属,000737
百合花,化学制品,603823
绿地控股,房地产,600606
播恩集团,农产品加工,001366
骏亚科技,元件,603386
中瑞股份,电池,301587
炬申股份,物流,001202
广哈通信,通信设备,300711
金太阳,通用设备,300606
日发精机,通用设备,002520
东方铁塔,农化制品,002545
昇辉科技,电网设备,300423
西力科技,电网设备,688616
友发集团,钢铁,601686
炬芯科技,半导体,688049
德才股份,建筑装饰,605287
佳创视讯,IT服务,300264
扬子新材,建筑材料,002652
汉仪股份,软件开发,301270
科翔股份,元件,300903
ST华鹏,家居用品,603021
格林美,电池,002340
灿瑞科技,半导体,688061
晶晨股份,半导体,688099
立中集团,汽车零部件,300428
三博脑科,医疗服务,301293
锡南科技,汽车零部件,301170
兆易创新,半导体,603986
先导智能,电池,300450
ST新动力,环境治理,300152
伟时电子,光学光电子,605218
顺网科技,通信服务,300113
江丰电子,半导体,300666
中洲特材,金属新材料,300963
普门科技,医疗器械,688389
海能实业,消费电子,300787
美好医疗,医疗器械,301363
百隆东方,纺织制造,601339
必贝特-U,化学制药,688759
魅视科技,计算机设备,001229
双林股份,汽车零部件,300100
佩蒂股份,农产品加工,300673
天府文旅,旅游及酒店,000558
易华录,IT服务,300212
赢时胜,软件开发,300377
奥精医疗,医疗器械,688613
博腾股份,医疗服务,300363
合富中国,医药商业,603122
银邦股份,工业金属,300337
中坚科技,专用设备,002779
南华期货,多元金融,603093
巴比食品,食品加工制造,605338
汇金股份,计算机设备,300368
莱美药业,化学制药,300006
金信诺,军工电子,300252
长芯博创,通信设备,300548
万顺新材,工业金属,300057
润贝航科,石油加工贸易,001316
星源卓镁,汽车零部件,301398
鑫科材料,金属新材料,600255
振芯科技,军工电子,300101
特宝生物,生物制品,688278
阳普医疗,医疗器械,300030
经纬辉开,光学光电子,300120
岩山科技,IT服务,002195
宜宾纸业,造纸,600793
威星智能,通用设备,002849
亚香股份,化学制品,301220
安孚科技,电池,603031
*ST海钦,物流,600753
红相股份,电网设备,300427
鸿路钢构,建筑装饰,002541
深圳新星,金属新材料,603978
泰恩康,化学制药,301263
合合信息,软件开发,688615
天和磁材,金属新材料,603072
中科蓝讯,半导体,688332
东芯股份,半导体,688110
天奇股份,专用设备,002009
慧翰股份,计算机设备,301600
大港股份,半导体,002077
新洋丰,农化制品,000902
联芸科技,半导体,688449
国光连锁,零售,605188
创新新材,工业金属,600361
华软科技,化学制品,002453
光云科技,IT服务,688365
运达科技,IT服务,300440
海通发展,港口航运,603162
晋亿实业,通用设备,601002
神驰机电,汽车零部件,603109
金帝股份,通用设备,603270
鹿山新材,化学制品,603051
盟升电子,军工电子,688311
高伟达,软件开发,300465
纵横股份,军工装备,688070
三瑞智能,军工装备,301696
博汇科技,IT服务,688004
海南发展,建筑装饰,002163
南京熊猫,通信设备,600775
爱科科技,专用设备,688092
万盛股份,化学制品,603010
东方海洋,医疗器械,002086
格尔软件,软件开发,603232
方大炭素,钢铁,600516
双良节能,光伏设备,600481
壹石通,电池,688733
亚联机械,专用设备,001395
锐明技术,计算机设备,002970
捷佳伟创,光伏设备,300724
朗科智能,消费电子,300543
丰山集团,农化制品,603810
新益昌,专用设备,688383
爱司凯,专用设备,300521
太龙股份,其他电子,300650
纵横通信,文化传媒,603602
亨迪药业,化学制药,301211
路德科技,农产品加工,688156
华兴源创,专用设备,688001
唯科科技,塑料制品,301196
恒勃股份,汽车零部件,301225
华东重机,工程机械,002685
古鳌科技,计算机设备,300551
新诺威,化学制药,300765
国盾量子,通信设备,688027
利和兴,专用设备,301013
奋达科技,消费电子,002681
一彬科技,汽车零部件,001278
恒锋工具,通用设备,300488
金石资源,化学制品,603505
利扬芯片,半导体,688135
当虹科技,IT服务,688039
荣科科技,IT服务,300290
北大医药,化学制药,000788
闽发铝业,工业金属,002578
法本信息,软件开发,300925
金田股份,工业金属,601609
莱伯泰科,通用设备,688056
宁波富邦,电网设备,600768
超声电子,元件,000823
万里扬,汽车零部件,002434
登康口腔,美容护理,001328
朗进科技,轨交设备,300594
东方国信,IT服务,300166
ST围海,建筑装饰,002586
启迪环境,环境治理,000826
晶盛机电,光伏设备,300316
前沿生物-U,化学制药,688221
飞荣达,消费电子,300602
力源信息,其他电子,300184
兆威机电,电机,003021
英联股份,包装印刷,002846
姚记科技,游戏,002605
西部超导,军工装备,688122
易事特,其他电源设备,300376
亚威股份,通用设备,002559
智信精密,自动化设备,301512
鸿合科技,光学光电子,002955
旺能环境,环境治理,002034
卡倍亿,汽车零部件,300863
力诺药包,医疗器械,301188
新时达,自动化设备,002527
全筑股份,建筑装饰,603030
光威复材,军工装备,300699
一品红,化学制药,300723
宇瞳光学,计算机设备,300790
泽璟制药-U,化学制药,688266
嘉亨家化,美容护理,300955
雅创电子,其他电子,301099
海泰科,汽车零部件,301022
红星发展,化学原料,600367
宝兰德,软件开发,688058
神州细胞,生物制品,688520
普路通,物流,002769
上海港湾,建筑装饰,605598
胜宏科技,元件,300476
广农糖业,农产品加工,000911
同飞股份,通用设备,300990
安车检测,通用设备,300572
光莆股份,光学光电子,300632
洽洽食品,食品加工制造,002557
精测电子,通用设备,300567
有研新材,半导体,600206
舒华体育,家居用品,605299
福光股份,光学光电子,688010
开普云,IT服务,688228
紫金矿业,贵金属,601899
新能泰山,电网设备,000720
灵康药业,化学制药,603669
新柴股份,通用设备,301032
*ST正平,建筑装饰,603843
协鑫集成,光伏设备,002506
聚辰股份,半导体,688123
元力股份,化学制品,300174
超频三,消费电子,300647
秀强股份,白色家电,300160
亨通股份,电力,600226
三超新材,通用设备,300554
江苏雷利,电机,300660
信德新材,电池,301349
四方精创,软件开发,300468
和元生物,医疗服务,688238
博汇股份,石油加工贸易,300839
福日电子,消费电子,600203
强瑞技术,专用设备,301128
唯万密封,工程机械,301161
山子高科,汽车零部件,000981
泰瑞机器,专用设备,603289
英华特,通用设备,301272
宏微科技,半导体,688711
蓝晓科技,塑料制品,300487
川润股份,通用设备,002272
陕西华达,军工电子,301517
三川智慧,通用设备,300066
诺瓦星云,计算机设备,301589
洲明科技,光学光电子,300232
翰博高新,光学光电子,301321
爱威科技,医疗器械,688067
康欣新材,包装印刷,600076
上海谊众,化学制药,688091
奥拓电子,光学光电子,002587
科创信息,软件开发,300730
汉威科技,通用设备,300007
金陵药业,化学制药,000919
康隆达,服装家纺,603665
新莱应材,包装印刷,300260
华峰铝业,工业金属,601702
横店东磁,光伏设备,002056
*ST宝鹰,建筑装饰,002047
通化金马,化学制药,000766
泛亚微透,塑料制品,688386
合肥城建,房地产,002208
万得凯,通用设备,301309
ST银江,IT服务,300020
二六三,通信服务,002467
杭州高新,塑料制品,300478
*ST双成,生物制品,002693
爱仕达,小家电,002403
金道科技,工程机械,301279
北方国际,建筑装饰,000065
海目星,自动化设备,688559
ST中装,房地产,002822
嘉应制药,中药,002198
中泰股份,专用设备,300435
欧派家居,家居用品,603833
燕麦科技,自动化设备,688312
高能环境,环境治理,603588
矩子科技,自动化设备,300802
裕兴股份,塑料制品,300305
新里程,医疗服务,002219
石英股份,非金属材料,603688
中捷精工,汽车零部件,301072
梦天家居,家居用品,603216
中国瑞林,建筑装饰,603257
晶合集成,半导体,688249
美迪西,医疗服务,688202
蓝箭电子,半导体,301348
合兴包装,包装印刷,002228
建元信托,多元金融,600816
太极实业,建筑装饰,600667
键凯科技,化学制药,688356
金浦钛业,化学原料,000545
三维通信,通信服务,002115
新中港,电力,605162
平潭发展,种植业与林业,000592
海亮股份,工业金属,002203
三利谱,光学光电子,002876
万朗磁塑,白色家电,603150
勤上股份,光学光电子,002638
硕贝德,消费电子,300322
聚灿光电,光学光电子,300708
聚和材料,光伏设备,688503
初灵信息,IT服务,300250
森鹰窗业,家居用品,301227
光智科技,光学光电子,300489
盈趣科技,消费电子,002925
科新发展,建筑装饰,600234
*ST金刚,光伏设备,300093
江瀚新材,化学制品,603281
南方精工,汽车零部件,002553
建霖家居,家居用品,603408
值得买,文化传媒,300785
金新农,农产品加工,002548
标榜股份,汽车零部件,301181
银禧科技,塑料制品,300221
灿勤科技,通信设备,688182
华峰超纤,塑料制品,300180
通富微电,半导体,002156
科森科技,消费电子,603626
恒工精密,通用设备,301261
宝钛股份,小金属,600456
耐科装备,专用设备,688419
英维克,专用设备,002837
国联股份,互联网电商,603613
邵阳液压,工程机械,301079
众辰科技,自动化设备,603275
海南海药,化学制药,000566
渤海租赁,多元金融,000415
纳睿雷达,军工电子,688522
九鼎新材,建筑材料,002201
普元信息,软件开发,688118
博科测试,专用设备,301598
春雪食品,食品加工制造,605567
航天智造,汽车零部件,300446
金杨精密,电池,301210
翔宇医疗,医疗器械,688626
康盛股份,白色家电,002418
福事特,工程机械,301446
科威尔,其他电源设备,688551
中科环保,环境治理,301175
斯迪克,塑料制品,300806
秋田微,光学光电子,300939
众智科技,电网设备,301361
立昂微,半导体,605358
聚光科技,通用设备,300203
旭升集团,汽车零部件,603305
鸿利智汇,光学光电子,300219
*ST新潮,油气开采及服务,600777
奥比中光-W,光学光电子,688322
钧达股份,光伏设备,002865
鑫宏业,汽车零部件,301310
慧辰股份,IT服务,688500
铭利达,通用设备,301268
新瀚新材,化学制品,301076
普利特,塑料制品,002324
苑东生物,化学制药,688513
德新科技,电池,603032
三友联众,电网设备,300932
华体科技,光学光电子,603679
成都华微,半导体,688709
气派科技,半导体,688216
首药控股-U,化学制药,688197
天溯计量,其他社会服务,301449
万讯自控,通用设备,300112
盈康生命,医疗服务,300143
江南高纤,化学纤维,600527
优博讯,计算机设备,300531
永和智控,通用设备,002795
罗平锌电,工业金属,002114
方大特钢,钢铁,600507
东方盛虹,石油加工贸易,000301
宁波色母,塑料制品,301019
怡 亚 通,贸易,002183
万丰股份,化学制品,603172
森远股份,专用设备,300210
亚康股份,IT服务,301085
康辰药业,生物制品,603590
强达电路,元件,301628
海思科,化学制药,002653
浩通科技,小金属,301026
常山药业,化学制药,300255
赛恩斯,环境治理,688480
星帅尔,白色家电,002860
隆基机械,汽车零部件,002363
四川金顶,建筑材料,600678
西安旅游,旅游及酒店,000610
*ST星农,专用设备,603789
铜陵有色,工业金属,000630
必创科技,通用设备,300667
四川黄金,贵金属,001337
铁流股份,汽车零部件,603926
易思维,自动化设备,688816
通化东宝,生物制品,600867
浩瀚深度,通信设备,688292
景津装备,通用设备,603279
香农芯创,其他电子,300475
山东玻纤,建筑材料,605006
兆龙互连,通信设备,300913
彩虹集团,小家电,003023
昊志机电,通用设备,300503
盛新锂能,能源金属,002240
富特科技,汽车零部件,301607
金百泽,元件,301041
瑞华泰,塑料制品,688323
美利云,通信服务,000815
康弘药业,生物制品,002773
洁美科技,其他电子,002859
美埃科技,环保设备,688376
ST英飞拓,计算机设备,002528
佳缘科技,计算机设备,301117
巨一科技,专用设备,688162
*ST四通,家居用品,603838
众源新材,工业金属,603527
长盈精密,消费电子,300115
凌云股份,汽车零部件,600480
南风股份,专用设备,300004
锐捷网络,通信设备,301165
波长光电,光学光电子,301421
航天宏图,军工装备,688066
时空科技,建筑装饰,605178
航天发展,军工电子,000547
隆盛科技,汽车零部件,300680
毕得医药,医疗服务,688073
广东明珠,钢铁,600382
武汉天源,环境治理,301127
中科江南,软件开发,301153
中望软件,软件开发,688083
昂瑞微-UW,半导体,688790
中研股份,塑料制品,688716
奥来德,电子化学品,688378
洛阳钼业,工业金属,603993
泰凌微,半导体,688591
明阳智能,风电设备,601615
大族数控,自动化设备,301200
大地熊,金属新材料,688077
迈为股份,光伏设备,300751
天邑股份,通信设备,300504
华塑科技,其他电源设备,301157
惠柏新材,塑料制品,301555
鹏欣资源,工业金属,600490
电连技术,消费电子,300679
快克智能,自动化设备,603203
安宁股份,小金属,002978
和邦生物,农化制品,603077
摩尔线程-U,半导体,688795
北京君正,半导体,300223
永创智能,专用设备,603901
上海瀚讯,军工电子,300762
博实结,汽车零部件,301608
横店影视,影视院线,603103
凤形股份,通用设备,002760
华英农业,养殖业,002321
九号公司-WD,汽车服务及其他,689009
东方电热,白色家电,300217
济民健康,医疗器械,603222
*ST明德,医疗器械,002932
ST通脉,通信服务,603559
明冠新材,光伏设备,688560
泽润新能,光伏设备,301636
亿晶光电,光伏设备,600537
佰奥智能,专用设备,300836
西藏旅游,旅游及酒店,600749
新泉股份,汽车零部件,603179
容知日新,通用设备,688768
中京电子,元件,002579
英唐智控,其他电子,300131
天润乳业,饮料制造,600419
大富科技,通信设备,300134
可孚医疗,医疗器械,301087
彩虹股份,光学光电子,600707
航天电器,军工电子,002025
健盛集团,服装家纺,603558
京仪装备,半导体,688652
航天长峰,军工电子,600855
力星股份,通用设备,300421
百普赛斯,生物制品,301080
罗普特,计算机设备,688619
圣晖集成,建筑装饰,603163
飞沃科技,风电设备,301232
GQY视讯,光学光电子,300076
芯瑞达,光学光电子,002983
信安世纪,软件开发,688201
统联精密,消费电子,688210
胜利精密,消费电子,002426
瑞纳智能,通用设备,301129
*ST立航,军工装备,603261
力盛体育,其他社会服务,002858
拓荆科技,半导体,688072
长信科技,光学光电子,300088
天亿马,IT服务,301178
山水比德,建筑装饰,300844
易天股份,消费电子,300812
山东黄金,贵金属,600547
倍杰特,环境治理,300774
宝明科技,光学光电子,002992
致尚科技,通信设备,301486
依顿电子,元件,603328
中超控股,电网设备,002471
华统股份,食品加工制造,002840
华海清科,半导体,688120
胜科纳米,其他社会服务,688757
奥普特,自动化设备,688686
奥瑞德,IT服务,600666
金沃股份,通用设备,300984
融捷股份,能源金属,002192
合众思壮,军工电子,002383
品茗科技,软件开发,688109
永悦科技,塑料制品,603879
能辉科技,建筑装饰,301046
浙江华远,汽车零部件,301535
东微半导,半导体,688261
沃顿科技,塑料制品,000920
阿石创,半导体,300706
常润股份,通用设备,603201
科创新源,橡胶制品,300731
远东股份,电网设备,600869
同有科技,计算机设备,300302
世华科技,其他电子,688093
丰茂股份,汽车零部件,301459
超颖电子,元件,603175
华锐精密,通用设备,688059
*ST赛为,IT服务,300044
恒辉安防,服装家纺,300952
鸿泉技术,计算机设备,688288
星网锐捷,通信设备,002396
华友钴业,能源金属,603799
中色股份,工业金属,000758
震裕科技,电池,300953
中利集团,电网设备,002309
领湃科技,电池,300530
共进股份,通信设备,603118
君实生物-U,生物制品,688180
三湘印象,房地产,000863
中矿资源,小金属,002738
天齐锂业,能源金属,002466
誉帆科技,其他社会服务,001396
新大洲A,煤炭开采加工,000571
正业科技,电池,300410
华丰科技,军工电子,688629
铂力特,通用设备,688333
新亚制程,其他电子,002388
华钰矿业,工业金属,601020
逸豪新材,元件,301176
贤丰控股,元件,002141
安培龙,通用设备,301413
同兴科技,环境治理,003027
祥鑫科技,汽车零部件,002965
安泰科技,金属新材料,000969
盛路通信,军工电子,002446
思泰克,自动化设备,301568
双星新材,塑料制品,002585
ST京机,光伏设备,000821
科力装备,汽车零部件,301552
温氏股份,养殖业,300498
天宜新材,光伏设备,688033
熙菱信息,计算机设备,300588
新锐股份,通用设备,688257
三柏硕,家居用品,001300
甬矽电子,半导体,688362
康希诺,生物制品,688185
派瑞股份,半导体,300831
天普股份,汽车零部件,605255
信质集团,汽车零部件,002664
*ST节能,环保设备,000820
金力永磁,金属新材料,300748
恒而达,通用设备,300946
上纬新材,塑料制品,688585
江钨装备,专用设备,600397
近岸蛋白,生物制品,688137
建发合诚,建筑装饰,603909
益诺思,医疗服务,688710
中赋科技,环境治理,300692
久吾高科,环保设备,300631
腾远钴业,能源金属,301219
利亚德,光学光电子,300296
信邦智能,自动化设备,301112
海峡创新,IT服务,300300
伟创电气,自动化设备,688698
赛诺医疗,医疗器械,688108
*ST特迅,其他电源设备,002227
时代万恒,电池,600241
金凯生科,医疗服务,301509
阳谷华泰,橡胶制品,300121
盈方微,其他电子,000670
易成新能,光伏设备,300080
煜邦电力,电网设备,688597
中信特钢,钢铁,000708
北鼎股份,小家电,300824
腾龙股份,汽车零部件,603158
五洲新春,通用设备,603667
越剑智能,专用设备,603095
西藏矿业,钢铁,000762
科大国创,软件开发,300520
恒润股份,风电设备,603985
天承科技,电子化学品,688603
ST起步,服装家纺,603557
耐普矿机,专用设备,300818
清越科技,光学光电子,688496
银河磁体,金属新材料,300127
中孚实业,工业金属,600595
步科股份,自动化设备,688160
皇氏集团,饮料制造,002329
中天精装,建筑装饰,002989
科兴制药,生物制品,688136
拓尔思,软件开发,300229
东南网架,建筑装饰,002135
云意电气,汽车零部件,300304
高澜股份,专用设备,300499
光韵达,自动化设备,300227
全信股份,军工电子,300447
瑞可达,其他电子,688800
盛弘股份,其他电源设备,300693
亚太药业,化学制药,002370
中来股份,光伏设备,300393
益佰制药,中药,600594
大连圣亚,旅游及酒店,600593
华胜天成,IT服务,600410
日久光电,光学光电子,003015
华民股份,光伏设备,300345
明志科技,通用设备,688355
联得装备,光学光电子,300545
贵研铂业,小金属,600459
再升科技,建筑材料,603601
新广益,塑料制品,301687
英特科技,通用设备,301399
大唐电信,半导体,600198
菲菱科思,通信设备,301191
粤桂股份,非金属材料,000833
*ST步森,服装家纺,002569
欧陆通,其他电源设备,300870
ST明诚,房地产,600136
金龙机电,消费电子,300032
龙元建设,建筑装饰,600491
法拉电子,元件,600563
翔港科技,包装印刷,603499
拓日新能,电力,002218
皮阿诺,家居用品,002853
利元亨,电池,688499
华依科技,专用设备,688071
达利凯普,元件,301566
双环科技,化学原料,000707
驰宏锌锗,工业金属,600497
侨银股份,环境治理,002973
利安科技,消费电子,300784
兴图新科,军工电子,688081
凯盛科技,光学光电子,600552
美信科技,通信设备,301577
飞龙股份,汽车零部件,002536
东方智造,通用设备,002175
同花顺,软件开发,300033
深圳华强,其他电子,000062
行云科技,互联网电商,300209
富维股份,汽车零部件,600742
梦洁股份,服装家纺,002397
中国高科,教育,600730
仕净科技,环保设备,301030
天际股份,电池,002759
精智达,专用设备,688627
理工光科,通用设备,300557
西部黄金,贵金属,601069
有研复材,金属新材料,688811
恒帅股份,汽车零部件,300969
嘉美包装,包装印刷,002969
热景生物,医疗器械,688068
胜蓝股份,消费电子,300843
长江通信,通信设备,600345
万润科技,光学光电子,002654
模塑科技,汽车零部件,000700
泰林生物,专用设备,300813
广联航空,军工装备,300900
南极光,光学光电子,300940
浙江仙通,汽车零部件,603239
华虹公司,半导体,688347
世纪鼎利,通信服务,300050
奥普光电,军工电子,002338
苏豪时尚,贸易,600287
包钢股份,钢铁,600010
正海磁材,金属新材料,300224
沐曦股份-U,半导体,688802
好莱客,家居用品,603898
三生国健,生物制品,688336
华通线缆,电网设备,605196
美力科技,汽车零部件,300611
贝隆精密,消费电子,301567
皓元医药,医疗服务,688131
严牌股份,环保设备,301081
雷曼光电,光学光电子,300162
雪龙集团,汽车零部件,603949
晶品特装,军工电子,688084
龙磁科技,金属新材料,300835
中科磁业,金属新材料,301141
贝斯特,汽车零部件,300580
铁科轨道,轨交设备,688569
百胜智能,通用设备,301083
宝武镁业,小金属,002182
剑桥科技,通信设备,603083
霍莱沃,军工电子,688682
中旗新材,建筑材料,001212
仕佳光子,通信设备,688313
ST金鸿,燃气,000669
明阳电路,元件,300739
喜临门,家居用品,603008
欧林生物,生物制品,688319
中石科技,电子化学品,300684
精进电动-UW,汽车零部件,688280
清溢光电,半导体,688138
美迪凯,光学光电子,688079
杰克科技,专用设备,603337
德赛电池,电池,000049
五方光电,光学光电子,002962
科博达,汽车零部件,603786
安洁科技,消费电子,002635
光大同创,消费电子,301387
湖南黄金,贵金属,002155
天准科技,自动化设备,688003
太力科技,家居用品,301595
大为股份,半导体,002213
思泉新材,电子化学品,301489
ST华西,其他电源设备,002630
银河电子,军工电子,002519
艾森股份,半导体,688720
中金岭南,工业金属,000060
远程股份,电网设备,002692
源杰科技,半导体,688498
雪人集团,通用设备,002639
万德斯,环境治理,688178
天微电子,军工电子,688511
华灿光电,光学光电子,300323
莱特光电,电子化学品,688150
赤峰黄金,贵金属,600988
高测股份,光伏设备,688556
和胜股份,工业金属,002824
诺诚健华,生物制品,688428
川环科技,汽车零部件,300547
朗科科技,计算机设备,300042
壹连科技,汽车零部件,301631
正强股份,汽车零部件,301119
莱宝高科,光学光电子,002106
盛屯矿业,工业金属,600711
咸亨国际,通用设备,605056
晶雪节能,建筑材料,301010
焦点科技,互联网电商,002315
ST雪浪,环保设备,300385
新朋股份,汽车零部件,002328
广誉远,中药,600771
永杰新材,工业金属,603271
厚普股份,专用设备,300471
奥尼电子,消费电子,301189
华兰股份,医疗器械,301093
力鼎光电,计算机设备,605118
金冠电气,电网设备,688517
久量股份,光学光电子,300808
华海诚科,半导体,688535
微导纳米,半导体,688147
威腾电气,电网设备,688226
*ST海华,通用设备,600243
斯菱智驱,汽车零部件,301550
ST信通,通信服务,600289
*ST太和,环境治理,605081
*ST华嵘,通用设备,600421
骏鼎达,塑料制品,301538
豫光金铅,工业金属,600531
*ST恒久,光学光电子,002808
艾比森,光学光电子,300389
燕东微,半导体,688172
*ST赛隆,化学制药,002898
荣昌生物,生物制品,688331
*ST国华,软件开发,000004
东富龙,医疗器械,300171
璞泰来,电池,603659
恒天海龙,化学纤维,000677
*ST东易,建筑装饰,002713
*ST帅电,厨卫电器,605336
铂科新材,金属新材料,300811
*ST建艺,建筑装饰,002789
肯特催化,化学制品,603120
深康佳Ａ,白色家电,000016
*ST国化,教育,600636
吉峰科技,零售,300022
浙江华业,通用设备,301616
中金黄金,贵金属,600489
满坤科技,元件,301132
天玑科技,IT服务,300245
*ST数源,房地产,000909
中润光学,光学光电子,688307
美联新材,塑料制品,300586
凯龙高科,汽车零部件,300912
苏州规划,建筑装饰,301505
华宏科技,环境治理,002645
ST萃华,服装家纺,002731
科新机电,专用设备,300092
ST柯利达,建筑装饰,603828
瑞丰光电,光学光电子,300241
祥源新材,塑料制品,300980
美克家居,家居用品,600337
宏柏新材,化学制品,605366
*ST创兴,建筑装饰,600193
天赐材料,电池,002709
康强电子,半导体,002119
佛塑科技,塑料制品,000973
矽电股份,半导体,301629
龙图光罩,半导体,688721
欧普照明,光学光电子,603515
毓恬冠佳,汽车零部件,301173
迅捷兴,元件,688655
卓易信息,IT服务,688258
来伊份,食品加工制造,603777
航天动力,通用设备,600343
麦捷科技,元件,300319
钧崴电子,元件,301458
华菱线缆,电网设备,001208
红 宝 丽,化学制品,002165
泽宇智能,电网设备,301179
赛福天,通用设备,603028
宏昌科技,白色家电,301008
精研科技,消费电子,300709
派能科技,电池,688063
盛龙股份,小金属,001257
山金国际,贵金属,000975
伟测科技,半导体,688372
欢乐家,饮料制造,300997
中安科,其他社会服务,600654
万马股份,电网设备,002276
超达装备,汽车零部件,301186
卡莱特,计算机设备,301391
顶固集创,家居用品,300749
云鼎科技,IT服务,000409
天舟文化,文化传媒,300148
灿芯股份,半导体,688691
方邦股份,电子化学品,688020
先惠技术,电池,688155
威尔高,元件,301251
迈威生物-U,生物制品,688062
今天国际,IT服务,300532
隆扬电子,消费电子,301389
国科天成,军工电子,301571
德力股份,家居用品,002571
上海洗霸,环境治理,603200
合力泰,光学光电子,002217
升达林业,燃气,002259
争光股份,塑料制品,301092
寒锐钴业,能源金属,300618
卓然股份,专用设备,688121
冠城新材,电网设备,600067
厦门钨业,小金属,600549
宏工科技,电池,301662
横河精密,塑料制品,300539
联赢激光,自动化设备,688518
联瑞新材,非金属材料,688300
天邦食品,养殖业,002124
白银有色,工业金属,601212
华正新材,元件,603186
金钼股份,小金属,601958
鼎泰高科,通用设备,301377
天华新能,电池,300390
德龙激光,自动化设备,688170
赛分科技,化学制药,688758
科瑞技术,自动化设备,002957
雷科防务,军工电子,002413
招金黄金,贵金属,000506
锡华科技,风电设备,603248
天能重工,风电设备,300569
同大股份,塑料制品,300321
晓程科技,贵金属,300139
德明利,半导体,001309
兴业银锡,贵金属,000426
真兰仪表,通用设备,301303
泰祥股份,汽车零部件,301192
新日股份,汽车服务及其他,603787
通宇通讯,通信设备,002792
多利科技,汽车零部件,001311
中嘉博创,通信服务,000889
多氟多,化学制品,002407
完美世界,游戏,002624
九州一轨,环境治理,688485
扬电科技,电网设备,301012
巨力索具,通用设备,002342
长久物流,物流,603569
佰维存储,半导体,688525
德恩精工,通用设备,300780
信息发展,软件开发,300469
北方稀土,小金属,600111
沃格光电,光学光电子,603773
北特科技,汽车零部件,603009
龙高股份,非金属材料,605086
实达集团,IT服务,600734
维科技术,电池,600152
中青宝,游戏,300052
晓鸣股份,养殖业,300967
东杰智能,自动化设备,300486
广立微,软件开发,301095
世运电路,元件,603920
直真科技,软件开发,003007
华锡有色,小金属,600301
金安国纪,元件,002636
瑞斯康达,通信设备,603803
恩捷股份,电池,002812
映翰通,通信设备,688080
奥浦迈,医疗服务,688293
芯原股份,半导体,688521
日盈电子,汽车零部件,603286
创识科技,计算机设备,300941
海王生物,医药商业,000078
万邦医药,医疗服务,301520
中国汽研,其他社会服务,601965
联合光电,计算机设备,300691
中密控股,通用设备,300470
铜冠铜箔,电池,301217
宏德股份,风电设备,301163
福晶科技,光学光电子,002222
凯格精机,专用设备,301338
吉贝尔,化学制药,688566
天山电子,光学光电子,301379
山河药辅,化学制药,300452
蓝特光学,光学光电子,688127
深科达,专用设备,688328
中工国际,建筑装饰,002051
税友股份,IT服务,603171
华脉科技,通信设备,603042
创源股份,家居用品,300703
京能置业,房地产,600791
晋拓股份,汽车零部件,603211
武进不锈,钢铁,603878
江波龙,半导体,301308
章源钨业,小金属,002378
金禄电子,元件,301282
博亚精工,专用设备,300971
芯碁微装,专用设备,688630
晶丰明源,半导体,688368
科信技术,通信设备,300565
阿莱德,通信设备,301419
宏力达,电网设备,688330
南钢股份,钢铁,600282
南京高科,房地产,600064
青山纸业,造纸,600103
长飞光纤,通信设备,601869
华盛昌,电网设备,002980
厦钨新能,电池,688778
智立方,自动化设备,301312
名雕股份,建筑装饰,002830
优迅股份,半导体,688807
龙腾光电,光学光电子,688055
东方钽业,小金属,000962
盛达资源,工业金属,000603
哈森股份,服装家纺,603958
*ST凯鑫,环境治理,300899
环旭电子,消费电子,601231
C盛合,半导体,688820
天孚通信,通信设备,300394
华翔股份,白色家电,603112
隆华科技,通用设备,300263
苏试试验,其他社会服务,300416
理工导航,军工装备,688282
凌云光,自动化设备,688400
蜂助手,通信服务,301382
和晶科技,白色家电,300279
本川智能,元件,300964
丽臣实业,化学制品,001218
东材科技,塑料制品,601208
智光电气,电网设备,002169
和林微纳,消费电子,688661
欧科亿,通用设备,688308
冠石科技,光学光电子,605588
嘉元科技,电池,688388
ST亚光,军工电子,300123
湖南白银,贵金属,002716
苏奥传感,汽车零部件,300507
锴威特,半导体,688693
埃泰克,汽车零部件,603293
汇成股份,半导体,688403
ST易联众,软件开发,300096
国城矿业,小金属,000688
新天科技,通用设备,300259
传艺科技,消费电子,002866
联建光电,光学光电子,300269
均瑶健康,饮料制造,605388
尤洛卡,专用设备,300099
银都股份,通用设备,603277
飞力达,物流,300240
太辰光,通信设备,300570
翔鹭钨业,小金属,002842
沃尔德,通用设备,688028
红板科技,元件,603459
正裕工业,汽车零部件,603089
罗博特科,自动化设备,300757
金卡智能,通用设备,300349
德林海,环境治理,688069
永茂泰,工业金属,605208
恒邦股份,贵金属,002237
绿的谐波,自动化设备,688017
禾信仪器,通用设备,688622
中国稀土,小金属,000831
强一股份,半导体,688809
C福恩,纺织制造,001312
延江股份,美容护理,300658
汇源通信,通信设备,000586
同德化工,化学制品,002360
长盈通,通信设备,688143
双乐股份,化学制品,301036
英力股份,消费电子,300956
真视通,IT服务,002771
天马科技,农产品加工,603668
宝丽迪,化学纤维,300905
田中精机,自动化设备,300461
新金路,化学原料,000510
春兴精工,汽车零部件,002547
海晨股份,物流,300873
乾照光电,光学光电子,300102
迪生力,汽车零部件,603335
合康新能,建筑装饰,300048
龙大美食,食品加工制造,002726
锡业股份,小金属,000960
快可电子,光伏设备,301278
ST香雪,中药,300147
众泰汽车,汽车整车,000980
欧莱新材,半导体,688530
南亚新材,元件,688519
道明光学,塑料制品,002632
多浦乐,通用设备,301528
富信科技,其他电子,688662
三棵树,建筑材料,603737
联特科技,通信设备,301205
震有科技,通信设备,688418
菲利华,军工装备,300395
航天工程,专用设备,603698
瑞迪智驱,通用设备,301596
铭普光磁,通信设备,002902
万祥科技,消费电子,301180
宜通世纪,通信服务,300310
厦门象屿,物流,600057
卓胜微,半导体,300782
腾景科技,光学光电子,688195
安科瑞,电网设备,300286
炬光科技,半导体,688167
盛和资源,小金属,600392
通光线缆,电网设备,300265
华康洁净,医疗服务,301235
华盛锂电,电池,688353
劲拓股份,自动化设备,300400
C尚水,电池,301513
楚天科技,医疗器械,300358
路维光电,半导体,688401
华自科技,其他电源设备,300490
甘李药业,生物制品,603087
索通发展,非金属材料,603612
航天南湖,军工电子,688552
棒杰股份,服装家纺,002634
大东南,塑料制品,002263
德科立,通信设备,688205
杰普特,自动化设备,688025
乐普医疗,医疗器械,300003
戴维医疗,医疗器械,300314
*ST天龙,建筑装饰,300029
圣龙股份,汽车零部件,603178
飞天诚信,计算机设备,300386
傲农生物,农产品加工,603363
厦工股份,工程机械,600815
上工申贝,专用设备,600843
中谷物流,港口航运,603565
欢瑞世纪,影视院线,000892
顺钠股份,电网设备,000533
顺灏股份,包装印刷,002565
苏利股份,农化制品,603585
爱玛科技,汽车服务及其他,603529
联翔股份,家居用品,603272
兰石重装,专用设备,603169
西藏珠峰,工业金属,600338
诺德股份,电池,600110
中稀有色,小金属,600259
光库科技,通信设备,300620
华研精机,专用设备,301138
纽泰格,汽车零部件,301229
泰胜风能,风电设备,300129
友讯达,电网设备,300514
英思特,金属新材料,301622
东田微,光学光电子,301183
富士莱,化学制药,301258
博硕科技,消费电子,300951
中一科技,电池,301150
恒誉环保,环保设备,688309
海科新源,电池,301292
赛微电子,半导体,300456
嘉必优,化学制品,688089
*ST观典,军工装备,688287
瀚蓝环境,环境治理,600323
南京化纤,通用设备,600889
东方证券,证券,600958
柳钢股份,钢铁,601003
日联科技,专用设备,688531
联讯仪器,通用设备,688808
*ST精伦,通信设备,600355
ST新华锦,服装家纺,600735
*ST万方,农产品加工,000638
锋龙股份,通用设备,002931
天箭科技,军工电子,002977
真爱美家,服装家纺,003041
三六五网,文化传媒,300295
天迈科技,计算机设备,300807
